unsullen.id,production.date,report.date,produced,defects,supplier
1.0,1,1,103.0,0.0,harpy.co
1.0,1,2,0.0,2.0,harpy.co
1.0,1,3,0.0,4.0,harpy.co
1.0,1,4,0.0,5.0,harpy.co
1.0,1,5,0.0,13.0,harpy.co
1.0,1,6,0.0,11.0,harpy.co
1.0,1,7,0.0,11.0,harpy.co
1.0,2,2,105.0,0.0,harpy.co
1.0,2,3,0.0,2.0,harpy.co
1.0,2,4,0.0,2.0,harpy.co
1.0,2,5,0.0,2.0,harpy.co
1.0,2,6,0.0,13.0,harpy.co
1.0,2,7,0.0,16.0,harpy.co
1.0,3,3,108.0,0.0,harpy.co
1.0,3,4,0.0,2.0,harpy.co
1.0,3,5,0.0,3.0,harpy.co
1.0,3,6,0.0,2.0,harpy.co
1.0,3,7,0.0,16.0,harpy.co
1.0,4,4,110.0,0.0,harpy.co
1.0,4,5,0.0,3.0,harpy.co
1.0,4,6,0.0,4.0,harpy.co
1.0,4,7,0.0,3.0,harpy.co
1.0,5,5,105.0,0.0,harpy.co
1.0,5,6,0.0,2.0,harpy.co
1.0,5,7,0.0,2.0,harpy.co
1.0,6,6,102.0,0.0,harpy.co
1.0,6,7,0.0,2.0,harpy.co
2.0,1,1,104.0,0.0,harpy.co
2.0,1,2,0.0,3.0,harpy.co
2.0,1,3,0.0,4.0,harpy.co
2.0,1,4,0.0,1.0,harpy.co
2.0,1,5,0.0,15.0,harpy.co
2.0,1,6,0.0,16.0,harpy.co
2.0,1,7,0.0,10.0,harpy.co
2.0,2,2,105.0,0.0,harpy.co
2.0,2,3,0.0,2.0,harpy.co
2.0,2,4,0.0,2.0,harpy.co
2.0,2,5,0.0,2.0,harpy.co
2.0,2,6,0.0,14.0,harpy.co
2.0,2,7,0.0,14.0,harpy.co
2.0,3,3,101.0,0.0,harpy.co
2.0,3,4,0.0,2.0,harpy.co
2.0,3,5,0.0,4.0,harpy.co
2.0,3,6,0.0,3.0,harpy.co
2.0,3,7,0.0,13.0,harpy.co
2.0,4,4,102.0,0.0,harpy.co
2.0,4,5,0.0,3.0,harpy.co
2.0,4,6,0.0,1.0,harpy.co
2.0,4,7,0.0,2.0,harpy.co
2.0,5,5,109.0,0.0,harpy.co
2.0,5,6,0.0,3.0,harpy.co
2.0,5,7,0.0,5.0,harpy.co
2.0,6,6,104.0,0.0,harpy.co
2.0,6,7,0.0,3.0,harpy.co
3.0,1,1,102.0,0.0,harpy.co
3.0,1,2,0.0,3.0,harpy.co
3.0,1,3,0.0,4.0,harpy.co
3.0,1,4,0.0,2.0,harpy.co
3.0,1,5,0.0,14.0,harpy.co
3.0,1,6,0.0,15.0,harpy.co
3.0,1,7,0.0,9.0,harpy.co
3.0,2,2,104.0,0.0,harpy.co
3.0,2,3,0.0,2.0,harpy.co
3.0,2,4,0.0,3.0,harpy.co
3.0,2,5,0.0,3.0,harpy.co
3.0,2,6,0.0,14.0,harpy.co
3.0,2,7,0.0,11.0,harpy.co
3.0,3,3,102.0,0.0,harpy.co
3.0,3,4,0.0,3.0,harpy.co
3.0,3,5,0.0,2.0,harpy.co
3.0,3,6,0.0,3.0,harpy.co
3.0,3,7,0.0,15.0,harpy.co
3.0,4,4,102.0,0.0,harpy.co
3.0,4,5,0.0,3.0,harpy.co
3.0,4,6,0.0,3.0,harpy.co
3.0,4,7,0.0,2.0,harpy.co
3.0,5,5,110.0,0.0,harpy.co
3.0,5,6,0.0,2.0,harpy.co
3.0,5,7,0.0,1.0,harpy.co
3.0,6,6,101.0,0.0,harpy.co
3.0,6,7,0.0,3.0,harpy.co
4.0,1,1,110.0,0.0,harpy.co
4.0,1,2,0.0,2.0,harpy.co
4.0,1,3,0.0,3.0,harpy.co
4.0,1,4,0.0,4.0,harpy.co
4.0,1,5,0.0,18.0,harpy.co
4.0,1,6,0.0,12.0,harpy.co
4.0,1,7,0.0,10.0,harpy.co
4.0,2,2,101.0,0.0,harpy.co
4.0,2,3,0.0,3.0,harpy.co
4.0,2,4,0.0,1.0,harpy.co
4.0,2,5,0.0,2.0,harpy.co
4.0,2,6,0.0,13.0,harpy.co
4.0,2,7,0.0,13.0,harpy.co
4.0,3,3,102.0,0.0,harpy.co
4.0,3,4,0.0,3.0,harpy.co
4.0,3,5,0.0,2.0,harpy.co
4.0,3,6,0.0,3.0,harpy.co
4.0,3,7,0.0,15.0,harpy.co
4.0,4,4,110.0,0.0,harpy.co
4.0,4,5,0.0,3.0,harpy.co
4.0,4,6,0.0,3.0,harpy.co
4.0,4,7,0.0,1.0,harpy.co
4.0,5,5,106.0,0.0,harpy.co
4.0,5,6,0.0,3.0,harpy.co
4.0,5,7,0.0,3.0,harpy.co
4.0,6,6,104.0,0.0,harpy.co
4.0,6,7,0.0,2.0,harpy.co
5.0,1,1,110.0,0.0,harpy.co
5.0,1,2,0.0,2.0,harpy.co
5.0,1,3,0.0,3.0,harpy.co
5.0,1,4,0.0,2.0,harpy.co
5.0,1,5,0.0,20.0,harpy.co
5.0,1,6,0.0,12.0,harpy.co
5.0,1,7,0.0,10.0,harpy.co
5.0,2,2,102.0,0.0,harpy.co
5.0,2,3,0.0,4.0,harpy.co
5.0,2,4,0.0,2.0,harpy.co
5.0,2,5,0.0,5.0,harpy.co
5.0,2,6,0.0,17.0,harpy.co
5.0,2,7,0.0,10.0,harpy.co
5.0,3,3,104.0,0.0,harpy.co
5.0,3,4,0.0,3.0,harpy.co
5.0,3,5,0.0,3.0,harpy.co
5.0,3,6,0.0,2.0,harpy.co
5.0,3,7,0.0,16.0,harpy.co
5.0,4,4,108.0,0.0,harpy.co
5.0,4,5,0.0,2.0,harpy.co
5.0,4,6,0.0,2.0,harpy.co
5.0,4,7,0.0,5.0,harpy.co
5.0,5,5,106.0,0.0,harpy.co
5.0,5,6,0.0,3.0,harpy.co
5.0,5,7,0.0,2.0,harpy.co
5.0,6,6,104.0,0.0,harpy.co
5.0,6,7,0.0,2.0,harpy.co
6.0,1,1,109.0,0.0,harpy.co
6.0,1,2,0.0,4.0,harpy.co
6.0,1,3,0.0,3.0,harpy.co
6.0,1,4,0.0,4.0,harpy.co
6.0,1,5,0.0,16.0,harpy.co
6.0,1,6,0.0,11.0,harpy.co
6.0,1,7,0.0,11.0,harpy.co
6.0,2,2,101.0,0.0,harpy.co
6.0,2,3,0.0,3.0,harpy.co
6.0,2,4,0.0,2.0,harpy.co
6.0,2,5,0.0,3.0,harpy.co
6.0,2,6,0.0,13.0,harpy.co
6.0,2,7,0.0,13.0,harpy.co
6.0,3,3,106.0,0.0,harpy.co
6.0,3,4,0.0,3.0,harpy.co
6.0,3,5,0.0,4.0,harpy.co
6.0,3,6,0.0,2.0,harpy.co
6.0,3,7,0.0,13.0,harpy.co
6.0,4,4,102.0,0.0,harpy.co
6.0,4,5,0.0,3.0,harpy.co
6.0,4,6,0.0,4.0,harpy.co
6.0,4,7,0.0,1.0,harpy.co
6.0,5,5,103.0,0.0,harpy.co
6.0,5,6,0.0,2.0,harpy.co
6.0,5,7,0.0,2.0,harpy.co
6.0,6,6,109.0,0.0,harpy.co
6.0,6,7,0.0,3.0,harpy.co
7.0,1,1,108.0,0.0,harpy.co
7.0,1,2,0.0,3.0,harpy.co
7.0,1,3,0.0,2.0,harpy.co
7.0,1,4,0.0,1.0,harpy.co
7.0,1,5,0.0,13.0,harpy.co
7.0,1,6,0.0,12.0,harpy.co
7.0,1,7,0.0,9.0,harpy.co
7.0,2,2,109.0,0.0,harpy.co
7.0,2,3,0.0,3.0,harpy.co
7.0,2,4,0.0,2.0,harpy.co
7.0,2,5,0.0,0.0,harpy.co
7.0,2,6,0.0,15.0,harpy.co
7.0,2,7,0.0,12.0,harpy.co
7.0,3,3,101.0,0.0,harpy.co
7.0,3,4,0.0,2.0,harpy.co
7.0,3,5,0.0,4.0,harpy.co
7.0,3,6,0.0,4.0,harpy.co
7.0,3,7,0.0,14.0,harpy.co
7.0,4,4,102.0,0.0,harpy.co
7.0,4,5,0.0,3.0,harpy.co
7.0,4,6,0.0,2.0,harpy.co
7.0,4,7,0.0,3.0,harpy.co
7.0,5,5,105.0,0.0,harpy.co
7.0,5,6,0.0,3.0,harpy.co
7.0,5,7,0.0,3.0,harpy.co
7.0,6,6,101.0,0.0,harpy.co
7.0,6,7,0.0,2.0,harpy.co
8.0,1,1,108.0,0.0,harpy.co
8.0,1,2,0.0,2.0,harpy.co
8.0,1,3,0.0,3.0,harpy.co
8.0,1,4,0.0,3.0,harpy.co
8.0,1,5,0.0,18.0,harpy.co
8.0,1,6,0.0,12.0,harpy.co
8.0,1,7,0.0,15.0,harpy.co
8.0,2,2,110.0,0.0,harpy.co
8.0,2,3,0.0,3.0,harpy.co
8.0,2,4,0.0,3.0,harpy.co
8.0,2,5,0.0,5.0,harpy.co
8.0,2,6,0.0,14.0,harpy.co
8.0,2,7,0.0,11.0,harpy.co
8.0,3,3,105.0,0.0,harpy.co
8.0,3,4,0.0,4.0,harpy.co
8.0,3,5,0.0,2.0,harpy.co
8.0,3,6,0.0,3.0,harpy.co
8.0,3,7,0.0,13.0,harpy.co
8.0,4,4,103.0,0.0,harpy.co
8.0,4,5,0.0,2.0,harpy.co
8.0,4,6,0.0,4.0,harpy.co
8.0,4,7,0.0,3.0,harpy.co
8.0,5,5,101.0,0.0,harpy.co
8.0,5,6,0.0,3.0,harpy.co
8.0,5,7,0.0,2.0,harpy.co
8.0,6,6,102.0,0.0,harpy.co
8.0,6,7,0.0,2.0,harpy.co
9.0,1,1,108.0,0.0,harpy.co
9.0,1,2,0.0,2.0,harpy.co
9.0,1,3,0.0,5.0,harpy.co
9.0,1,4,0.0,3.0,harpy.co
9.0,1,5,0.0,16.0,harpy.co
9.0,1,6,0.0,16.0,harpy.co
9.0,1,7,0.0,10.0,harpy.co
9.0,2,2,102.0,0.0,harpy.co
9.0,2,3,0.0,2.0,harpy.co
9.0,2,4,0.0,3.0,harpy.co
9.0,2,5,0.0,2.0,harpy.co
9.0,2,6,0.0,16.0,harpy.co
9.0,2,7,0.0,13.0,harpy.co
9.0,3,3,107.0,0.0,harpy.co
9.0,3,4,0.0,2.0,harpy.co
9.0,3,5,0.0,3.0,harpy.co
9.0,3,6,0.0,0.0,harpy.co
9.0,3,7,0.0,18.0,harpy.co
9.0,4,4,104.0,0.0,harpy.co
9.0,4,5,0.0,4.0,harpy.co
9.0,4,6,0.0,4.0,harpy.co
9.0,4,7,0.0,3.0,harpy.co
9.0,5,5,106.0,0.0,harpy.co
9.0,5,6,0.0,2.0,harpy.co
9.0,5,7,0.0,3.0,harpy.co
9.0,6,6,104.0,0.0,harpy.co
9.0,6,7,0.0,2.0,harpy.co
10.0,1,1,108.0,0.0,harpy.co
10.0,1,2,0.0,2.0,harpy.co
10.0,1,3,0.0,3.0,harpy.co
10.0,1,4,0.0,5.0,harpy.co
10.0,1,5,0.0,16.0,harpy.co
10.0,1,6,0.0,12.0,harpy.co
10.0,1,7,0.0,11.0,harpy.co
10.0,2,2,107.0,0.0,harpy.co
10.0,2,3,0.0,2.0,harpy.co
10.0,2,4,0.0,4.0,harpy.co
10.0,2,5,0.0,3.0,harpy.co
10.0,2,6,0.0,16.0,harpy.co
10.0,2,7,0.0,13.0,harpy.co
10.0,3,3,103.0,0.0,harpy.co
10.0,3,4,0.0,2.0,harpy.co
10.0,3,5,0.0,2.0,harpy.co
10.0,3,6,0.0,2.0,harpy.co
10.0,3,7,0.0,16.0,harpy.co
10.0,4,4,109.0,0.0,harpy.co
10.0,4,5,0.0,3.0,harpy.co
10.0,4,6,0.0,2.0,harpy.co
10.0,4,7,0.0,1.0,harpy.co
10.0,5,5,105.0,0.0,harpy.co
10.0,5,6,0.0,2.0,harpy.co
10.0,5,7,0.0,3.0,harpy.co
10.0,6,6,106.0,0.0,harpy.co
10.0,6,7,0.0,2.0,harpy.co
11.0,1,1,102.0,0.0,harpy.co
11.0,1,2,0.0,3.0,harpy.co
11.0,1,3,0.0,3.0,harpy.co
11.0,1,4,0.0,4.0,harpy.co
11.0,1,5,0.0,16.0,harpy.co
11.0,1,6,0.0,12.0,harpy.co
11.0,1,7,0.0,12.0,harpy.co
11.0,2,2,105.0,0.0,harpy.co
11.0,2,3,0.0,2.0,harpy.co
11.0,2,4,0.0,3.0,harpy.co
11.0,2,5,0.0,2.0,harpy.co
11.0,2,6,0.0,15.0,harpy.co
11.0,2,7,0.0,15.0,harpy.co
11.0,3,3,101.0,0.0,harpy.co
11.0,3,4,0.0,2.0,harpy.co
11.0,3,5,0.0,3.0,harpy.co
11.0,3,6,0.0,3.0,harpy.co
11.0,3,7,0.0,16.0,harpy.co
11.0,4,4,101.0,0.0,harpy.co
11.0,4,5,0.0,3.0,harpy.co
11.0,4,6,0.0,2.0,harpy.co
11.0,4,7,0.0,2.0,harpy.co
11.0,5,5,108.0,0.0,harpy.co
11.0,5,6,0.0,4.0,harpy.co
11.0,5,7,0.0,5.0,harpy.co
11.0,6,6,101.0,0.0,harpy.co
11.0,6,7,0.0,2.0,harpy.co
12.0,1,1,104.0,0.0,harpy.co
12.0,1,2,0.0,3.0,harpy.co
12.0,1,3,0.0,2.0,harpy.co
12.0,1,4,0.0,2.0,harpy.co
12.0,1,5,0.0,16.0,harpy.co
12.0,1,6,0.0,14.0,harpy.co
12.0,1,7,0.0,8.0,harpy.co
12.0,2,2,102.0,0.0,harpy.co
12.0,2,3,0.0,2.0,harpy.co
12.0,2,4,0.0,3.0,harpy.co
12.0,2,5,0.0,3.0,harpy.co
12.0,2,6,0.0,13.0,harpy.co
12.0,2,7,0.0,15.0,harpy.co
12.0,3,3,101.0,0.0,harpy.co
12.0,3,4,0.0,2.0,harpy.co
12.0,3,5,0.0,3.0,harpy.co
12.0,3,6,0.0,3.0,harpy.co
12.0,3,7,0.0,14.0,harpy.co
12.0,4,4,107.0,0.0,harpy.co
12.0,4,5,0.0,2.0,harpy.co
12.0,4,6,0.0,4.0,harpy.co
12.0,4,7,0.0,4.0,harpy.co
12.0,5,5,106.0,0.0,harpy.co
12.0,5,6,0.0,4.0,harpy.co
12.0,5,7,0.0,3.0,harpy.co
12.0,6,6,106.0,0.0,harpy.co
12.0,6,7,0.0,3.0,harpy.co
13.0,1,1,110.0,0.0,harpy.co
13.0,1,2,0.0,2.0,harpy.co
13.0,1,3,0.0,2.0,harpy.co
13.0,1,4,0.0,1.0,harpy.co
13.0,1,5,0.0,16.0,harpy.co
13.0,1,6,0.0,15.0,harpy.co
13.0,1,7,0.0,16.0,harpy.co
13.0,2,2,108.0,0.0,harpy.co
13.0,2,3,0.0,2.0,harpy.co
13.0,2,4,0.0,4.0,harpy.co
13.0,2,5,0.0,2.0,harpy.co
13.0,2,6,0.0,16.0,harpy.co
13.0,2,7,0.0,11.0,harpy.co
13.0,3,3,101.0,0.0,harpy.co
13.0,3,4,0.0,3.0,harpy.co
13.0,3,5,0.0,3.0,harpy.co
13.0,3,6,0.0,3.0,harpy.co
13.0,3,7,0.0,13.0,harpy.co
13.0,4,4,101.0,0.0,harpy.co
13.0,4,5,0.0,2.0,harpy.co
13.0,4,6,0.0,3.0,harpy.co
13.0,4,7,0.0,3.0,harpy.co
13.0,5,5,102.0,0.0,harpy.co
13.0,5,6,0.0,3.0,harpy.co
13.0,5,7,0.0,2.0,harpy.co
13.0,6,6,108.0,0.0,harpy.co
13.0,6,7,0.0,2.0,harpy.co
14.0,1,1,101.0,0.0,harpy.co
14.0,1,2,0.0,2.0,harpy.co
14.0,1,3,0.0,4.0,harpy.co
14.0,1,4,0.0,2.0,harpy.co
14.0,1,5,0.0,14.0,harpy.co
14.0,1,6,0.0,14.0,harpy.co
14.0,1,7,0.0,12.0,harpy.co
14.0,2,2,105.0,0.0,harpy.co
14.0,2,3,0.0,3.0,harpy.co
14.0,2,4,0.0,2.0,harpy.co
14.0,2,5,0.0,5.0,harpy.co
14.0,2,6,0.0,13.0,harpy.co
14.0,2,7,0.0,16.0,harpy.co
14.0,3,3,108.0,0.0,harpy.co
14.0,3,4,0.0,3.0,harpy.co
14.0,3,5,0.0,4.0,harpy.co
14.0,3,6,0.0,4.0,harpy.co
14.0,3,7,0.0,18.0,harpy.co
14.0,4,4,105.0,0.0,harpy.co
14.0,4,5,0.0,3.0,harpy.co
14.0,4,6,0.0,3.0,harpy.co
14.0,4,7,0.0,2.0,harpy.co
14.0,5,5,104.0,0.0,harpy.co
14.0,5,6,0.0,3.0,harpy.co
14.0,5,7,0.0,3.0,harpy.co
14.0,6,6,108.0,0.0,harpy.co
14.0,6,7,0.0,2.0,harpy.co
15.0,1,1,106.0,0.0,harpy.co
15.0,1,2,0.0,2.0,harpy.co
15.0,1,3,0.0,3.0,harpy.co
15.0,1,4,0.0,1.0,harpy.co
15.0,1,5,0.0,14.0,harpy.co
15.0,1,6,0.0,14.0,harpy.co
15.0,1,7,0.0,12.0,harpy.co
15.0,2,2,109.0,0.0,harpy.co
15.0,2,3,0.0,4.0,harpy.co
15.0,2,4,0.0,2.0,harpy.co
15.0,2,5,0.0,3.0,harpy.co
15.0,2,6,0.0,18.0,harpy.co
15.0,2,7,0.0,12.0,harpy.co
15.0,3,3,108.0,0.0,harpy.co
15.0,3,4,0.0,4.0,harpy.co
15.0,3,5,0.0,4.0,harpy.co
15.0,3,6,0.0,3.0,harpy.co
15.0,3,7,0.0,19.0,harpy.co
15.0,4,4,108.0,0.0,harpy.co
15.0,4,5,0.0,2.0,harpy.co
15.0,4,6,0.0,1.0,harpy.co
15.0,4,7,0.0,2.0,harpy.co
15.0,5,5,102.0,0.0,harpy.co
15.0,5,6,0.0,4.0,harpy.co
15.0,5,7,0.0,4.0,harpy.co
15.0,6,6,101.0,0.0,harpy.co
15.0,6,7,0.0,3.0,harpy.co
16.0,1,1,104.0,0.0,harpy.co
16.0,1,2,0.0,3.0,harpy.co
16.0,1,3,0.0,2.0,harpy.co
16.0,1,4,0.0,4.0,harpy.co
16.0,1,5,0.0,15.0,harpy.co
16.0,1,6,0.0,11.0,harpy.co
16.0,1,7,0.0,13.0,harpy.co
16.0,2,2,106.0,0.0,harpy.co
16.0,2,3,0.0,3.0,harpy.co
16.0,2,4,0.0,3.0,harpy.co
16.0,2,5,0.0,1.0,harpy.co
16.0,2,6,0.0,17.0,harpy.co
16.0,2,7,0.0,12.0,harpy.co
16.0,3,3,109.0,0.0,harpy.co
16.0,3,4,0.0,3.0,harpy.co
16.0,3,5,0.0,2.0,harpy.co
16.0,3,6,0.0,0.0,harpy.co
16.0,3,7,0.0,14.0,harpy.co
16.0,4,4,106.0,0.0,harpy.co
16.0,4,5,0.0,3.0,harpy.co
16.0,4,6,0.0,2.0,harpy.co
16.0,4,7,0.0,3.0,harpy.co
16.0,5,5,106.0,0.0,harpy.co
16.0,5,6,0.0,2.0,harpy.co
16.0,5,7,0.0,0.0,harpy.co
16.0,6,6,106.0,0.0,harpy.co
16.0,6,7,0.0,3.0,harpy.co
17.0,1,1,102.0,0.0,harpy.co
17.0,1,2,0.0,2.0,harpy.co
17.0,1,3,0.0,2.0,harpy.co
17.0,1,4,0.0,2.0,harpy.co
17.0,1,5,0.0,13.0,harpy.co
17.0,1,6,0.0,16.0,harpy.co
17.0,1,7,0.0,8.0,harpy.co
17.0,2,2,107.0,0.0,harpy.co
17.0,2,3,0.0,3.0,harpy.co
17.0,2,4,0.0,2.0,harpy.co
17.0,2,5,0.0,3.0,harpy.co
17.0,2,6,0.0,15.0,harpy.co
17.0,2,7,0.0,13.0,harpy.co
17.0,3,3,108.0,0.0,harpy.co
17.0,3,4,0.0,2.0,harpy.co
17.0,3,5,0.0,1.0,harpy.co
17.0,3,6,0.0,5.0,harpy.co
17.0,3,7,0.0,12.0,harpy.co
17.0,4,4,109.0,0.0,harpy.co
17.0,4,5,0.0,2.0,harpy.co
17.0,4,6,0.0,5.0,harpy.co
17.0,4,7,0.0,3.0,harpy.co
17.0,5,5,104.0,0.0,harpy.co
17.0,5,6,0.0,2.0,harpy.co
17.0,5,7,0.0,2.0,harpy.co
17.0,6,6,101.0,0.0,harpy.co
17.0,6,7,0.0,2.0,harpy.co
18.0,1,1,108.0,0.0,harpy.co
18.0,1,2,0.0,2.0,harpy.co
18.0,1,3,0.0,2.0,harpy.co
18.0,1,4,0.0,2.0,harpy.co
18.0,1,5,0.0,16.0,harpy.co
18.0,1,6,0.0,15.0,harpy.co
18.0,1,7,0.0,15.0,harpy.co
18.0,2,2,107.0,0.0,harpy.co
18.0,2,3,0.0,2.0,harpy.co
18.0,2,4,0.0,4.0,harpy.co
18.0,2,5,0.0,2.0,harpy.co
18.0,2,6,0.0,14.0,harpy.co
18.0,2,7,0.0,14.0,harpy.co
18.0,3,3,109.0,0.0,harpy.co
18.0,3,4,0.0,2.0,harpy.co
18.0,3,5,0.0,4.0,harpy.co
18.0,3,6,0.0,0.0,harpy.co
18.0,3,7,0.0,11.0,harpy.co
18.0,4,4,103.0,0.0,harpy.co
18.0,4,5,0.0,3.0,harpy.co
18.0,4,6,0.0,4.0,harpy.co
18.0,4,7,0.0,3.0,harpy.co
18.0,5,5,105.0,0.0,harpy.co
18.0,5,6,0.0,2.0,harpy.co
18.0,5,7,0.0,3.0,harpy.co
18.0,6,6,102.0,0.0,harpy.co
18.0,6,7,0.0,3.0,harpy.co
19.0,1,1,108.0,0.0,harpy.co
19.0,1,2,0.0,3.0,harpy.co
19.0,1,3,0.0,1.0,harpy.co
19.0,1,4,0.0,2.0,harpy.co
19.0,1,5,0.0,15.0,harpy.co
19.0,1,6,0.0,12.0,harpy.co
19.0,1,7,0.0,13.0,harpy.co
19.0,2,2,101.0,0.0,harpy.co
19.0,2,3,0.0,3.0,harpy.co
19.0,2,4,0.0,2.0,harpy.co
19.0,2,5,0.0,4.0,harpy.co
19.0,2,6,0.0,14.0,harpy.co
19.0,2,7,0.0,11.0,harpy.co
19.0,3,3,106.0,0.0,harpy.co
19.0,3,4,0.0,3.0,harpy.co
19.0,3,5,0.0,2.0,harpy.co
19.0,3,6,0.0,1.0,harpy.co
19.0,3,7,0.0,14.0,harpy.co
19.0,4,4,107.0,0.0,harpy.co
19.0,4,5,0.0,3.0,harpy.co
19.0,4,6,0.0,2.0,harpy.co
19.0,4,7,0.0,2.0,harpy.co
19.0,5,5,105.0,0.0,harpy.co
19.0,5,6,0.0,3.0,harpy.co
19.0,5,7,0.0,1.0,harpy.co
19.0,6,6,105.0,0.0,harpy.co
19.0,6,7,0.0,2.0,harpy.co
20.0,1,1,101.0,0.0,harpy.co
20.0,1,2,0.0,2.0,harpy.co
20.0,1,3,0.0,1.0,harpy.co
20.0,1,4,0.0,4.0,harpy.co
20.0,1,5,0.0,16.0,harpy.co
20.0,1,6,0.0,13.0,harpy.co
20.0,1,7,0.0,11.0,harpy.co
20.0,2,2,107.0,0.0,harpy.co
20.0,2,3,0.0,3.0,harpy.co
20.0,2,4,0.0,4.0,harpy.co
20.0,2,5,0.0,2.0,harpy.co
20.0,2,6,0.0,16.0,harpy.co
20.0,2,7,0.0,13.0,harpy.co
20.0,3,3,102.0,0.0,harpy.co
20.0,3,4,0.0,2.0,harpy.co
20.0,3,5,0.0,3.0,harpy.co
20.0,3,6,0.0,2.0,harpy.co
20.0,3,7,0.0,16.0,harpy.co
20.0,4,4,107.0,0.0,harpy.co
20.0,4,5,0.0,2.0,harpy.co
20.0,4,6,0.0,3.0,harpy.co
20.0,4,7,0.0,4.0,harpy.co
20.0,5,5,104.0,0.0,harpy.co
20.0,5,6,0.0,2.0,harpy.co
20.0,5,7,0.0,3.0,harpy.co
20.0,6,6,107.0,0.0,harpy.co
20.0,6,7,0.0,3.0,harpy.co
21.0,1,1,106.0,0.0,harpy.co
21.0,1,2,0.0,3.0,harpy.co
21.0,1,3,0.0,4.0,harpy.co
21.0,1,4,0.0,3.0,harpy.co
21.0,1,5,0.0,17.0,harpy.co
21.0,1,6,0.0,10.0,harpy.co
21.0,1,7,0.0,10.0,harpy.co
21.0,2,2,106.0,0.0,harpy.co
21.0,2,3,0.0,4.0,harpy.co
21.0,2,4,0.0,4.0,harpy.co
21.0,2,5,0.0,3.0,harpy.co
21.0,2,6,0.0,15.0,harpy.co
21.0,2,7,0.0,15.0,harpy.co
21.0,3,3,108.0,0.0,harpy.co
21.0,3,4,0.0,4.0,harpy.co
21.0,3,5,0.0,4.0,harpy.co
21.0,3,6,0.0,0.0,harpy.co
21.0,3,7,0.0,13.0,harpy.co
21.0,4,4,102.0,0.0,harpy.co
21.0,4,5,0.0,2.0,harpy.co
21.0,4,6,0.0,2.0,harpy.co
21.0,4,7,0.0,3.0,harpy.co
21.0,5,5,110.0,0.0,harpy.co
21.0,5,6,0.0,2.0,harpy.co
21.0,5,7,0.0,1.0,harpy.co
21.0,6,6,109.0,0.0,harpy.co
21.0,6,7,0.0,3.0,harpy.co
22.0,1,1,101.0,0.0,harpy.co
22.0,1,2,0.0,2.0,harpy.co
22.0,1,3,0.0,4.0,harpy.co
22.0,1,4,0.0,2.0,harpy.co
22.0,1,5,0.0,15.0,harpy.co
22.0,1,6,0.0,16.0,harpy.co
22.0,1,7,0.0,10.0,harpy.co
22.0,2,2,101.0,0.0,harpy.co
22.0,2,3,0.0,2.0,harpy.co
22.0,2,4,0.0,3.0,harpy.co
22.0,2,5,0.0,3.0,harpy.co
22.0,2,6,0.0,15.0,harpy.co
22.0,2,7,0.0,14.0,harpy.co
22.0,3,3,102.0,0.0,harpy.co
22.0,3,4,0.0,3.0,harpy.co
22.0,3,5,0.0,5.0,harpy.co
22.0,3,6,0.0,4.0,harpy.co
22.0,3,7,0.0,14.0,harpy.co
22.0,4,4,107.0,0.0,harpy.co
22.0,4,5,0.0,3.0,harpy.co
22.0,4,6,0.0,1.0,harpy.co
22.0,4,7,0.0,4.0,harpy.co
22.0,5,5,110.0,0.0,harpy.co
22.0,5,6,0.0,3.0,harpy.co
22.0,5,7,0.0,2.0,harpy.co
22.0,6,6,106.0,0.0,harpy.co
22.0,6,7,0.0,2.0,harpy.co
23.0,1,1,101.0,0.0,harpy.co
23.0,1,2,0.0,3.0,harpy.co
23.0,1,3,0.0,4.0,harpy.co
23.0,1,4,0.0,3.0,harpy.co
23.0,1,5,0.0,18.0,harpy.co
23.0,1,6,0.0,12.0,harpy.co
23.0,1,7,0.0,7.0,harpy.co
23.0,2,2,103.0,0.0,harpy.co
23.0,2,3,0.0,2.0,harpy.co
23.0,2,4,0.0,2.0,harpy.co
23.0,2,5,0.0,2.0,harpy.co
23.0,2,6,0.0,16.0,harpy.co
23.0,2,7,0.0,10.0,harpy.co
23.0,3,3,105.0,0.0,harpy.co
23.0,3,4,0.0,2.0,harpy.co
23.0,3,5,0.0,3.0,harpy.co
23.0,3,6,0.0,1.0,harpy.co
23.0,3,7,0.0,17.0,harpy.co
23.0,4,4,105.0,0.0,harpy.co
23.0,4,5,0.0,2.0,harpy.co
23.0,4,6,0.0,2.0,harpy.co
23.0,4,7,0.0,3.0,harpy.co
23.0,5,5,101.0,0.0,harpy.co
23.0,5,6,0.0,2.0,harpy.co
23.0,5,7,0.0,4.0,harpy.co
23.0,6,6,103.0,0.0,harpy.co
23.0,6,7,0.0,3.0,harpy.co
24.0,1,1,106.0,0.0,harpy.co
24.0,1,2,0.0,2.0,harpy.co
24.0,1,3,0.0,1.0,harpy.co
24.0,1,4,0.0,1.0,harpy.co
24.0,1,5,0.0,13.0,harpy.co
24.0,1,6,0.0,12.0,harpy.co
24.0,1,7,0.0,7.0,harpy.co
24.0,2,2,101.0,0.0,harpy.co
24.0,2,3,0.0,2.0,harpy.co
24.0,2,4,0.0,1.0,harpy.co
24.0,2,5,0.0,3.0,harpy.co
24.0,2,6,0.0,13.0,harpy.co
24.0,2,7,0.0,11.0,harpy.co
24.0,3,3,109.0,0.0,harpy.co
24.0,3,4,0.0,2.0,harpy.co
24.0,3,5,0.0,1.0,harpy.co
24.0,3,6,0.0,1.0,harpy.co
24.0,3,7,0.0,15.0,harpy.co
24.0,4,4,110.0,0.0,harpy.co
24.0,4,5,0.0,2.0,harpy.co
24.0,4,6,0.0,4.0,harpy.co
24.0,4,7,0.0,2.0,harpy.co
24.0,5,5,102.0,0.0,harpy.co
24.0,5,6,0.0,3.0,harpy.co
24.0,5,7,0.0,4.0,harpy.co
24.0,6,6,107.0,0.0,harpy.co
24.0,6,7,0.0,3.0,harpy.co
25.0,1,1,101.0,0.0,harpy.co
25.0,1,2,0.0,2.0,harpy.co
25.0,1,3,0.0,2.0,harpy.co
25.0,1,4,0.0,1.0,harpy.co
25.0,1,5,0.0,14.0,harpy.co
25.0,1,6,0.0,9.0,harpy.co
25.0,1,7,0.0,5.0,harpy.co
25.0,2,2,109.0,0.0,harpy.co
25.0,2,3,0.0,2.0,harpy.co
25.0,2,4,0.0,4.0,harpy.co
25.0,2,5,0.0,2.0,harpy.co
25.0,2,6,0.0,16.0,harpy.co
25.0,2,7,0.0,11.0,harpy.co
25.0,3,3,102.0,0.0,harpy.co
25.0,3,4,0.0,2.0,harpy.co
25.0,3,5,0.0,2.0,harpy.co
25.0,3,6,0.0,4.0,harpy.co
25.0,3,7,0.0,13.0,harpy.co
25.0,4,4,106.0,0.0,harpy.co
25.0,4,5,0.0,2.0,harpy.co
25.0,4,6,0.0,4.0,harpy.co
25.0,4,7,0.0,3.0,harpy.co
25.0,5,5,109.0,0.0,harpy.co
25.0,5,6,0.0,3.0,harpy.co
25.0,5,7,0.0,2.0,harpy.co
25.0,6,6,103.0,0.0,harpy.co
25.0,6,7,0.0,3.0,harpy.co
26.0,1,1,102.0,0.0,harpy.co
26.0,1,2,0.0,2.0,harpy.co
26.0,1,3,0.0,1.0,harpy.co
26.0,1,4,0.0,3.0,harpy.co
26.0,1,5,0.0,16.0,harpy.co
26.0,1,6,0.0,13.0,harpy.co
26.0,1,7,0.0,10.0,harpy.co
26.0,2,2,103.0,0.0,harpy.co
26.0,2,3,0.0,3.0,harpy.co
26.0,2,4,0.0,0.0,harpy.co
26.0,2,5,0.0,3.0,harpy.co
26.0,2,6,0.0,15.0,harpy.co
26.0,2,7,0.0,9.0,harpy.co
26.0,3,3,105.0,0.0,harpy.co
26.0,3,4,0.0,3.0,harpy.co
26.0,3,5,0.0,1.0,harpy.co
26.0,3,6,0.0,1.0,harpy.co
26.0,3,7,0.0,13.0,harpy.co
26.0,4,4,108.0,0.0,harpy.co
26.0,4,5,0.0,3.0,harpy.co
26.0,4,6,0.0,3.0,harpy.co
26.0,4,7,0.0,2.0,harpy.co
26.0,5,5,106.0,0.0,harpy.co
26.0,5,6,0.0,2.0,harpy.co
26.0,5,7,0.0,5.0,harpy.co
26.0,6,6,101.0,0.0,harpy.co
26.0,6,7,0.0,3.0,harpy.co
27.0,1,1,109.0,0.0,harpy.co
27.0,1,2,0.0,3.0,harpy.co
27.0,1,3,0.0,2.0,harpy.co
27.0,1,4,0.0,4.0,harpy.co
27.0,1,5,0.0,18.0,harpy.co
27.0,1,6,0.0,14.0,harpy.co
27.0,1,7,0.0,14.0,harpy.co
27.0,2,2,109.0,0.0,harpy.co
27.0,2,3,0.0,4.0,harpy.co
27.0,2,4,0.0,1.0,harpy.co
27.0,2,5,0.0,1.0,harpy.co
27.0,2,6,0.0,14.0,harpy.co
27.0,2,7,0.0,15.0,harpy.co
27.0,3,3,104.0,0.0,harpy.co
27.0,3,4,0.0,3.0,harpy.co
27.0,3,5,0.0,3.0,harpy.co
27.0,3,6,0.0,2.0,harpy.co
27.0,3,7,0.0,17.0,harpy.co
27.0,4,4,104.0,0.0,harpy.co
27.0,4,5,0.0,2.0,harpy.co
27.0,4,6,0.0,2.0,harpy.co
27.0,4,7,0.0,2.0,harpy.co
27.0,5,5,106.0,0.0,harpy.co
27.0,5,6,0.0,3.0,harpy.co
27.0,5,7,0.0,1.0,harpy.co
27.0,6,6,107.0,0.0,harpy.co
27.0,6,7,0.0,3.0,harpy.co
28.0,1,1,109.0,0.0,harpy.co
28.0,1,2,0.0,3.0,harpy.co
28.0,1,3,0.0,4.0,harpy.co
28.0,1,4,0.0,1.0,harpy.co
28.0,1,5,0.0,16.0,harpy.co
28.0,1,6,0.0,16.0,harpy.co
28.0,1,7,0.0,7.0,harpy.co
28.0,2,2,103.0,0.0,harpy.co
28.0,2,3,0.0,2.0,harpy.co
28.0,2,4,0.0,3.0,harpy.co
28.0,2,5,0.0,5.0,harpy.co
28.0,2,6,0.0,14.0,harpy.co
28.0,2,7,0.0,11.0,harpy.co
28.0,3,3,101.0,0.0,harpy.co
28.0,3,4,0.0,3.0,harpy.co
28.0,3,5,0.0,2.0,harpy.co
28.0,3,6,0.0,1.0,harpy.co
28.0,3,7,0.0,17.0,harpy.co
28.0,4,4,103.0,0.0,harpy.co
28.0,4,5,0.0,2.0,harpy.co
28.0,4,6,0.0,2.0,harpy.co
28.0,4,7,0.0,2.0,harpy.co
28.0,5,5,104.0,0.0,harpy.co
28.0,5,6,0.0,2.0,harpy.co
28.0,5,7,0.0,2.0,harpy.co
28.0,6,6,104.0,0.0,harpy.co
28.0,6,7,0.0,3.0,harpy.co
29.0,1,1,102.0,0.0,harpy.co
29.0,1,2,0.0,2.0,harpy.co
29.0,1,3,0.0,3.0,harpy.co
29.0,1,4,0.0,4.0,harpy.co
29.0,1,5,0.0,16.0,harpy.co
29.0,1,6,0.0,12.0,harpy.co
29.0,1,7,0.0,11.0,harpy.co
29.0,2,2,103.0,0.0,harpy.co
29.0,2,3,0.0,2.0,harpy.co
29.0,2,4,0.0,2.0,harpy.co
29.0,2,5,0.0,3.0,harpy.co
29.0,2,6,0.0,16.0,harpy.co
29.0,2,7,0.0,12.0,harpy.co
29.0,3,3,109.0,0.0,harpy.co
29.0,3,4,0.0,3.0,harpy.co
29.0,3,5,0.0,4.0,harpy.co
29.0,3,6,0.0,0.0,harpy.co
29.0,3,7,0.0,15.0,harpy.co
29.0,4,4,101.0,0.0,harpy.co
29.0,4,5,0.0,3.0,harpy.co
29.0,4,6,0.0,1.0,harpy.co
29.0,4,7,0.0,3.0,harpy.co
29.0,5,5,105.0,0.0,harpy.co
29.0,5,6,0.0,2.0,harpy.co
29.0,5,7,0.0,3.0,harpy.co
29.0,6,6,110.0,0.0,harpy.co
29.0,6,7,0.0,2.0,harpy.co
30.0,1,1,106.0,0.0,harpy.co
30.0,1,2,0.0,2.0,harpy.co
30.0,1,3,0.0,2.0,harpy.co
30.0,1,4,0.0,2.0,harpy.co
30.0,1,5,0.0,14.0,harpy.co
30.0,1,6,0.0,18.0,harpy.co
30.0,1,7,0.0,12.0,harpy.co
30.0,2,2,102.0,0.0,harpy.co
30.0,2,3,0.0,2.0,harpy.co
30.0,2,4,0.0,4.0,harpy.co
30.0,2,5,0.0,4.0,harpy.co
30.0,2,6,0.0,15.0,harpy.co
30.0,2,7,0.0,9.0,harpy.co
30.0,3,3,101.0,0.0,harpy.co
30.0,3,4,0.0,3.0,harpy.co
30.0,3,5,0.0,3.0,harpy.co
30.0,3,6,0.0,3.0,harpy.co
30.0,3,7,0.0,14.0,harpy.co
30.0,4,4,103.0,0.0,harpy.co
30.0,4,5,0.0,3.0,harpy.co
30.0,4,6,0.0,4.0,harpy.co
30.0,4,7,0.0,2.0,harpy.co
30.0,5,5,103.0,0.0,harpy.co
30.0,5,6,0.0,3.0,harpy.co
30.0,5,7,0.0,2.0,harpy.co
30.0,6,6,109.0,0.0,harpy.co
30.0,6,7,0.0,3.0,harpy.co
31.0,1,1,102.0,0.0,harpy.co
31.0,1,2,0.0,2.0,harpy.co
31.0,1,3,0.0,1.0,harpy.co
31.0,1,4,0.0,3.0,harpy.co
31.0,1,5,0.0,13.0,harpy.co
31.0,1,6,0.0,13.0,harpy.co
31.0,1,7,0.0,10.0,harpy.co
31.0,2,2,106.0,0.0,harpy.co
31.0,2,3,0.0,3.0,harpy.co
31.0,2,4,0.0,3.0,harpy.co
31.0,2,5,0.0,3.0,harpy.co
31.0,2,6,0.0,16.0,harpy.co
31.0,2,7,0.0,10.0,harpy.co
31.0,3,3,105.0,0.0,harpy.co
31.0,3,4,0.0,3.0,harpy.co
31.0,3,5,0.0,1.0,harpy.co
31.0,3,6,0.0,2.0,harpy.co
31.0,3,7,0.0,16.0,harpy.co
31.0,4,4,101.0,0.0,harpy.co
31.0,4,5,0.0,2.0,harpy.co
31.0,4,6,0.0,4.0,harpy.co
31.0,4,7,0.0,4.0,harpy.co
31.0,5,5,107.0,0.0,harpy.co
31.0,5,6,0.0,4.0,harpy.co
31.0,5,7,0.0,2.0,harpy.co
31.0,6,6,109.0,0.0,harpy.co
31.0,6,7,0.0,2.0,harpy.co
32.0,1,1,108.0,0.0,harpy.co
32.0,1,2,0.0,2.0,harpy.co
32.0,1,3,0.0,3.0,harpy.co
32.0,1,4,0.0,5.0,harpy.co
32.0,1,5,0.0,17.0,harpy.co
32.0,1,6,0.0,11.0,harpy.co
32.0,1,7,0.0,14.0,harpy.co
32.0,2,2,103.0,0.0,harpy.co
32.0,2,3,0.0,3.0,harpy.co
32.0,2,4,0.0,4.0,harpy.co
32.0,2,5,0.0,1.0,harpy.co
32.0,2,6,0.0,15.0,harpy.co
32.0,2,7,0.0,15.0,harpy.co
32.0,3,3,104.0,0.0,harpy.co
32.0,3,4,0.0,2.0,harpy.co
32.0,3,5,0.0,1.0,harpy.co
32.0,3,6,0.0,2.0,harpy.co
32.0,3,7,0.0,14.0,harpy.co
32.0,4,4,109.0,0.0,harpy.co
32.0,4,5,0.0,2.0,harpy.co
32.0,4,6,0.0,2.0,harpy.co
32.0,4,7,0.0,3.0,harpy.co
32.0,5,5,105.0,0.0,harpy.co
32.0,5,6,0.0,2.0,harpy.co
32.0,5,7,0.0,3.0,harpy.co
32.0,6,6,109.0,0.0,harpy.co
32.0,6,7,0.0,2.0,harpy.co
33.0,1,1,102.0,0.0,harpy.co
33.0,1,2,0.0,2.0,harpy.co
33.0,1,3,0.0,2.0,harpy.co
33.0,1,4,0.0,2.0,harpy.co
33.0,1,5,0.0,16.0,harpy.co
33.0,1,6,0.0,11.0,harpy.co
33.0,1,7,0.0,11.0,harpy.co
33.0,2,2,107.0,0.0,harpy.co
33.0,2,3,0.0,3.0,harpy.co
33.0,2,4,0.0,3.0,harpy.co
33.0,2,5,0.0,2.0,harpy.co
33.0,2,6,0.0,14.0,harpy.co
33.0,2,7,0.0,13.0,harpy.co
33.0,3,3,107.0,0.0,harpy.co
33.0,3,4,0.0,3.0,harpy.co
33.0,3,5,0.0,2.0,harpy.co
33.0,3,6,0.0,2.0,harpy.co
33.0,3,7,0.0,17.0,harpy.co
33.0,4,4,104.0,0.0,harpy.co
33.0,4,5,0.0,4.0,harpy.co
33.0,4,6,0.0,2.0,harpy.co
33.0,4,7,0.0,2.0,harpy.co
33.0,5,5,101.0,0.0,harpy.co
33.0,5,6,0.0,2.0,harpy.co
33.0,5,7,0.0,3.0,harpy.co
33.0,6,6,105.0,0.0,harpy.co
33.0,6,7,0.0,3.0,harpy.co
34.0,1,1,101.0,0.0,harpy.co
34.0,1,2,0.0,3.0,harpy.co
34.0,1,3,0.0,3.0,harpy.co
34.0,1,4,0.0,3.0,harpy.co
34.0,1,5,0.0,15.0,harpy.co
34.0,1,6,0.0,11.0,harpy.co
34.0,1,7,0.0,11.0,harpy.co
34.0,2,2,108.0,0.0,harpy.co
34.0,2,3,0.0,2.0,harpy.co
34.0,2,4,0.0,2.0,harpy.co
34.0,2,5,0.0,2.0,harpy.co
34.0,2,6,0.0,16.0,harpy.co
34.0,2,7,0.0,13.0,harpy.co
34.0,3,3,106.0,0.0,harpy.co
34.0,3,4,0.0,2.0,harpy.co
34.0,3,5,0.0,2.0,harpy.co
34.0,3,6,0.0,1.0,harpy.co
34.0,3,7,0.0,16.0,harpy.co
34.0,4,4,108.0,0.0,harpy.co
34.0,4,5,0.0,3.0,harpy.co
34.0,4,6,0.0,2.0,harpy.co
34.0,4,7,0.0,3.0,harpy.co
34.0,5,5,104.0,0.0,harpy.co
34.0,5,6,0.0,4.0,harpy.co
34.0,5,7,0.0,4.0,harpy.co
34.0,6,6,102.0,0.0,harpy.co
34.0,6,7,0.0,3.0,harpy.co
35.0,1,1,107.0,0.0,harpy.co
35.0,1,2,0.0,3.0,harpy.co
35.0,1,3,0.0,5.0,harpy.co
35.0,1,4,0.0,1.0,harpy.co
35.0,1,5,0.0,15.0,harpy.co
35.0,1,6,0.0,13.0,harpy.co
35.0,1,7,0.0,8.0,harpy.co
35.0,2,2,102.0,0.0,harpy.co
35.0,2,3,0.0,2.0,harpy.co
35.0,2,4,0.0,3.0,harpy.co
35.0,2,5,0.0,4.0,harpy.co
35.0,2,6,0.0,14.0,harpy.co
35.0,2,7,0.0,14.0,harpy.co
35.0,3,3,103.0,0.0,harpy.co
35.0,3,4,0.0,3.0,harpy.co
35.0,3,5,0.0,2.0,harpy.co
35.0,3,6,0.0,4.0,harpy.co
35.0,3,7,0.0,15.0,harpy.co
35.0,4,4,106.0,0.0,harpy.co
35.0,4,5,0.0,2.0,harpy.co
35.0,4,6,0.0,2.0,harpy.co
35.0,4,7,0.0,1.0,harpy.co
35.0,5,5,103.0,0.0,harpy.co
35.0,5,6,0.0,2.0,harpy.co
35.0,5,7,0.0,2.0,harpy.co
35.0,6,6,103.0,0.0,harpy.co
35.0,6,7,0.0,2.0,harpy.co
36.0,1,1,106.0,0.0,harpy.co
36.0,1,2,0.0,3.0,harpy.co
36.0,1,3,0.0,4.0,harpy.co
36.0,1,4,0.0,3.0,harpy.co
36.0,1,5,0.0,18.0,harpy.co
36.0,1,6,0.0,14.0,harpy.co
36.0,1,7,0.0,11.0,harpy.co
36.0,2,2,103.0,0.0,harpy.co
36.0,2,3,0.0,2.0,harpy.co
36.0,2,4,0.0,3.0,harpy.co
36.0,2,5,0.0,3.0,harpy.co
36.0,2,6,0.0,15.0,harpy.co
36.0,2,7,0.0,12.0,harpy.co
36.0,3,3,104.0,0.0,harpy.co
36.0,3,4,0.0,3.0,harpy.co
36.0,3,5,0.0,2.0,harpy.co
36.0,3,6,0.0,0.0,harpy.co
36.0,3,7,0.0,16.0,harpy.co
36.0,4,4,104.0,0.0,harpy.co
36.0,4,5,0.0,2.0,harpy.co
36.0,4,6,0.0,2.0,harpy.co
36.0,4,7,0.0,3.0,harpy.co
36.0,5,5,104.0,0.0,harpy.co
36.0,5,6,0.0,2.0,harpy.co
36.0,5,7,0.0,3.0,harpy.co
36.0,6,6,108.0,0.0,harpy.co
36.0,6,7,0.0,3.0,harpy.co
37.0,1,1,105.0,0.0,harpy.co
37.0,1,2,0.0,3.0,harpy.co
37.0,1,3,0.0,4.0,harpy.co
37.0,1,4,0.0,3.0,harpy.co
37.0,1,5,0.0,17.0,harpy.co
37.0,1,6,0.0,14.0,harpy.co
37.0,1,7,0.0,14.0,harpy.co
37.0,2,2,110.0,0.0,harpy.co
37.0,2,3,0.0,3.0,harpy.co
37.0,2,4,0.0,3.0,harpy.co
37.0,2,5,0.0,3.0,harpy.co
37.0,2,6,0.0,20.0,harpy.co
37.0,2,7,0.0,13.0,harpy.co
37.0,3,3,102.0,0.0,harpy.co
37.0,3,4,0.0,3.0,harpy.co
37.0,3,5,0.0,4.0,harpy.co
37.0,3,6,0.0,3.0,harpy.co
37.0,3,7,0.0,18.0,harpy.co
37.0,4,4,101.0,0.0,harpy.co
37.0,4,5,0.0,3.0,harpy.co
37.0,4,6,0.0,3.0,harpy.co
37.0,4,7,0.0,5.0,harpy.co
37.0,5,5,107.0,0.0,harpy.co
37.0,5,6,0.0,2.0,harpy.co
37.0,5,7,0.0,2.0,harpy.co
37.0,6,6,101.0,0.0,harpy.co
37.0,6,7,0.0,3.0,harpy.co
38.0,1,1,105.0,0.0,harpy.co
38.0,1,2,0.0,3.0,harpy.co
38.0,1,3,0.0,1.0,harpy.co
38.0,1,4,0.0,4.0,harpy.co
38.0,1,5,0.0,16.0,harpy.co
38.0,1,6,0.0,11.0,harpy.co
38.0,1,7,0.0,9.0,harpy.co
38.0,2,2,102.0,0.0,harpy.co
38.0,2,3,0.0,2.0,harpy.co
38.0,2,4,0.0,3.0,harpy.co
38.0,2,5,0.0,3.0,harpy.co
38.0,2,6,0.0,15.0,harpy.co
38.0,2,7,0.0,15.0,harpy.co
38.0,3,3,104.0,0.0,harpy.co
38.0,3,4,0.0,3.0,harpy.co
38.0,3,5,0.0,2.0,harpy.co
38.0,3,6,0.0,3.0,harpy.co
38.0,3,7,0.0,17.0,harpy.co
38.0,4,4,109.0,0.0,harpy.co
38.0,4,5,0.0,2.0,harpy.co
38.0,4,6,0.0,3.0,harpy.co
38.0,4,7,0.0,3.0,harpy.co
38.0,5,5,105.0,0.0,harpy.co
38.0,5,6,0.0,4.0,harpy.co
38.0,5,7,0.0,2.0,harpy.co
38.0,6,6,108.0,0.0,harpy.co
38.0,6,7,0.0,3.0,harpy.co
39.0,1,1,108.0,0.0,harpy.co
39.0,1,2,0.0,3.0,harpy.co
39.0,1,3,0.0,3.0,harpy.co
39.0,1,4,0.0,4.0,harpy.co
39.0,1,5,0.0,16.0,harpy.co
39.0,1,6,0.0,12.0,harpy.co
39.0,1,7,0.0,15.0,harpy.co
39.0,2,2,104.0,0.0,harpy.co
39.0,2,3,0.0,2.0,harpy.co
39.0,2,4,0.0,4.0,harpy.co
39.0,2,5,0.0,3.0,harpy.co
39.0,2,6,0.0,13.0,harpy.co
39.0,2,7,0.0,14.0,harpy.co
39.0,3,3,106.0,0.0,harpy.co
39.0,3,4,0.0,4.0,harpy.co
39.0,3,5,0.0,3.0,harpy.co
39.0,3,6,0.0,5.0,harpy.co
39.0,3,7,0.0,16.0,harpy.co
39.0,4,4,106.0,0.0,harpy.co
39.0,4,5,0.0,2.0,harpy.co
39.0,4,6,0.0,3.0,harpy.co
39.0,4,7,0.0,3.0,harpy.co
39.0,5,5,110.0,0.0,harpy.co
39.0,5,6,0.0,4.0,harpy.co
39.0,5,7,0.0,0.0,harpy.co
39.0,6,6,110.0,0.0,harpy.co
39.0,6,7,0.0,3.0,harpy.co
40.0,1,1,105.0,0.0,harpy.co
40.0,1,2,0.0,3.0,harpy.co
40.0,1,3,0.0,2.0,harpy.co
40.0,1,4,0.0,1.0,harpy.co
40.0,1,5,0.0,14.0,harpy.co
40.0,1,6,0.0,14.0,harpy.co
40.0,1,7,0.0,10.0,harpy.co
40.0,2,2,106.0,0.0,harpy.co
40.0,2,3,0.0,4.0,harpy.co
40.0,2,4,0.0,3.0,harpy.co
40.0,2,5,0.0,1.0,harpy.co
40.0,2,6,0.0,17.0,harpy.co
40.0,2,7,0.0,13.0,harpy.co
40.0,3,3,104.0,0.0,harpy.co
40.0,3,4,0.0,2.0,harpy.co
40.0,3,5,0.0,2.0,harpy.co
40.0,3,6,0.0,1.0,harpy.co
40.0,3,7,0.0,12.0,harpy.co
40.0,4,4,110.0,0.0,harpy.co
40.0,4,5,0.0,3.0,harpy.co
40.0,4,6,0.0,3.0,harpy.co
40.0,4,7,0.0,2.0,harpy.co
40.0,5,5,104.0,0.0,harpy.co
40.0,5,6,0.0,2.0,harpy.co
40.0,5,7,0.0,3.0,harpy.co
40.0,6,6,109.0,0.0,harpy.co
40.0,6,7,0.0,2.0,harpy.co
41.0,1,1,104.0,0.0,harpy.co
41.0,1,2,0.0,3.0,harpy.co
41.0,1,3,0.0,3.0,harpy.co
41.0,1,4,0.0,2.0,harpy.co
41.0,1,5,0.0,15.0,harpy.co
41.0,1,6,0.0,11.0,harpy.co
41.0,1,7,0.0,10.0,harpy.co
41.0,2,2,110.0,0.0,harpy.co
41.0,2,3,0.0,3.0,harpy.co
41.0,2,4,0.0,3.0,harpy.co
41.0,2,5,0.0,2.0,harpy.co
41.0,2,6,0.0,17.0,harpy.co
41.0,2,7,0.0,12.0,harpy.co
41.0,3,3,105.0,0.0,harpy.co
41.0,3,4,0.0,3.0,harpy.co
41.0,3,5,0.0,3.0,harpy.co
41.0,3,6,0.0,0.0,harpy.co
41.0,3,7,0.0,14.0,harpy.co
41.0,4,4,107.0,0.0,harpy.co
41.0,4,5,0.0,3.0,harpy.co
41.0,4,6,0.0,2.0,harpy.co
41.0,4,7,0.0,3.0,harpy.co
41.0,5,5,104.0,0.0,harpy.co
41.0,5,6,0.0,2.0,harpy.co
41.0,5,7,0.0,2.0,harpy.co
41.0,6,6,101.0,0.0,harpy.co
41.0,6,7,0.0,3.0,harpy.co
42.0,1,1,101.0,0.0,harpy.co
42.0,1,2,0.0,3.0,harpy.co
42.0,1,3,0.0,1.0,harpy.co
42.0,1,4,0.0,1.0,harpy.co
42.0,1,5,0.0,13.0,harpy.co
42.0,1,6,0.0,11.0,harpy.co
42.0,1,7,0.0,5.0,harpy.co
42.0,2,2,104.0,0.0,harpy.co
42.0,2,3,0.0,4.0,harpy.co
42.0,2,4,0.0,3.0,harpy.co
42.0,2,5,0.0,4.0,harpy.co
42.0,2,6,0.0,14.0,harpy.co
42.0,2,7,0.0,12.0,harpy.co
42.0,3,3,108.0,0.0,harpy.co
42.0,3,4,0.0,2.0,harpy.co
42.0,3,5,0.0,4.0,harpy.co
42.0,3,6,0.0,3.0,harpy.co
42.0,3,7,0.0,13.0,harpy.co
42.0,4,4,108.0,0.0,harpy.co
42.0,4,5,0.0,3.0,harpy.co
42.0,4,6,0.0,3.0,harpy.co
42.0,4,7,0.0,2.0,harpy.co
42.0,5,5,104.0,0.0,harpy.co
42.0,5,6,0.0,2.0,harpy.co
42.0,5,7,0.0,3.0,harpy.co
42.0,6,6,105.0,0.0,harpy.co
42.0,6,7,0.0,2.0,harpy.co
43.0,1,1,110.0,0.0,harpy.co
43.0,1,2,0.0,3.0,harpy.co
43.0,1,3,0.0,4.0,harpy.co
43.0,1,4,0.0,4.0,harpy.co
43.0,1,5,0.0,14.0,harpy.co
43.0,1,6,0.0,14.0,harpy.co
43.0,1,7,0.0,9.0,harpy.co
43.0,2,2,104.0,0.0,harpy.co
43.0,2,3,0.0,2.0,harpy.co
43.0,2,4,0.0,2.0,harpy.co
43.0,2,5,0.0,3.0,harpy.co
43.0,2,6,0.0,16.0,harpy.co
43.0,2,7,0.0,15.0,harpy.co
43.0,3,3,101.0,0.0,harpy.co
43.0,3,4,0.0,2.0,harpy.co
43.0,3,5,0.0,3.0,harpy.co
43.0,3,6,0.0,0.0,harpy.co
43.0,3,7,0.0,14.0,harpy.co
43.0,4,4,102.0,0.0,harpy.co
43.0,4,5,0.0,3.0,harpy.co
43.0,4,6,0.0,3.0,harpy.co
43.0,4,7,0.0,3.0,harpy.co
43.0,5,5,104.0,0.0,harpy.co
43.0,5,6,0.0,3.0,harpy.co
43.0,5,7,0.0,3.0,harpy.co
43.0,6,6,104.0,0.0,harpy.co
43.0,6,7,0.0,2.0,harpy.co
44.0,1,1,103.0,0.0,harpy.co
44.0,1,2,0.0,3.0,harpy.co
44.0,1,3,0.0,2.0,harpy.co
44.0,1,4,0.0,2.0,harpy.co
44.0,1,5,0.0,17.0,harpy.co
44.0,1,6,0.0,15.0,harpy.co
44.0,1,7,0.0,9.0,harpy.co
44.0,2,2,107.0,0.0,harpy.co
44.0,2,3,0.0,3.0,harpy.co
44.0,2,4,0.0,4.0,harpy.co
44.0,2,5,0.0,4.0,harpy.co
44.0,2,6,0.0,14.0,harpy.co
44.0,2,7,0.0,14.0,harpy.co
44.0,3,3,102.0,0.0,harpy.co
44.0,3,4,0.0,3.0,harpy.co
44.0,3,5,0.0,1.0,harpy.co
44.0,3,6,0.0,1.0,harpy.co
44.0,3,7,0.0,17.0,harpy.co
44.0,4,4,107.0,0.0,harpy.co
44.0,4,5,0.0,3.0,harpy.co
44.0,4,6,0.0,3.0,harpy.co
44.0,4,7,0.0,2.0,harpy.co
44.0,5,5,103.0,0.0,harpy.co
44.0,5,6,0.0,3.0,harpy.co
44.0,5,7,0.0,2.0,harpy.co
44.0,6,6,101.0,0.0,harpy.co
44.0,6,7,0.0,2.0,harpy.co
45.0,1,1,101.0,0.0,harpy.co
45.0,1,2,0.0,2.0,harpy.co
45.0,1,3,0.0,3.0,harpy.co
45.0,1,4,0.0,3.0,harpy.co
45.0,1,5,0.0,15.0,harpy.co
45.0,1,6,0.0,13.0,harpy.co
45.0,1,7,0.0,12.0,harpy.co
45.0,2,2,104.0,0.0,harpy.co
45.0,2,3,0.0,3.0,harpy.co
45.0,2,4,0.0,3.0,harpy.co
45.0,2,5,0.0,2.0,harpy.co
45.0,2,6,0.0,12.0,harpy.co
45.0,2,7,0.0,17.0,harpy.co
45.0,3,3,104.0,0.0,harpy.co
45.0,3,4,0.0,3.0,harpy.co
45.0,3,5,0.0,4.0,harpy.co
45.0,3,6,0.0,5.0,harpy.co
45.0,3,7,0.0,17.0,harpy.co
45.0,4,4,101.0,0.0,harpy.co
45.0,4,5,0.0,3.0,harpy.co
45.0,4,6,0.0,4.0,harpy.co
45.0,4,7,0.0,2.0,harpy.co
45.0,5,5,103.0,0.0,harpy.co
45.0,5,6,0.0,3.0,harpy.co
45.0,5,7,0.0,3.0,harpy.co
45.0,6,6,104.0,0.0,harpy.co
45.0,6,7,0.0,3.0,harpy.co
46.0,1,1,103.0,0.0,harpy.co
46.0,1,2,0.0,3.0,harpy.co
46.0,1,3,0.0,1.0,harpy.co
46.0,1,4,0.0,2.0,harpy.co
46.0,1,5,0.0,15.0,harpy.co
46.0,1,6,0.0,14.0,harpy.co
46.0,1,7,0.0,13.0,harpy.co
46.0,2,2,101.0,0.0,harpy.co
46.0,2,3,0.0,2.0,harpy.co
46.0,2,4,0.0,3.0,harpy.co
46.0,2,5,0.0,2.0,harpy.co
46.0,2,6,0.0,15.0,harpy.co
46.0,2,7,0.0,14.0,harpy.co
46.0,3,3,106.0,0.0,harpy.co
46.0,3,4,0.0,2.0,harpy.co
46.0,3,5,0.0,3.0,harpy.co
46.0,3,6,0.0,1.0,harpy.co
46.0,3,7,0.0,14.0,harpy.co
46.0,4,4,110.0,0.0,harpy.co
46.0,4,5,0.0,3.0,harpy.co
46.0,4,6,0.0,2.0,harpy.co
46.0,4,7,0.0,5.0,harpy.co
46.0,5,5,102.0,0.0,harpy.co
46.0,5,6,0.0,2.0,harpy.co
46.0,5,7,0.0,1.0,harpy.co
46.0,6,6,106.0,0.0,harpy.co
46.0,6,7,0.0,3.0,harpy.co
47.0,1,1,106.0,0.0,harpy.co
47.0,1,2,0.0,2.0,harpy.co
47.0,1,3,0.0,2.0,harpy.co
47.0,1,4,0.0,3.0,harpy.co
47.0,1,5,0.0,18.0,harpy.co
47.0,1,6,0.0,13.0,harpy.co
47.0,1,7,0.0,11.0,harpy.co
47.0,2,2,109.0,0.0,harpy.co
47.0,2,3,0.0,2.0,harpy.co
47.0,2,4,0.0,6.0,harpy.co
47.0,2,5,0.0,2.0,harpy.co
47.0,2,6,0.0,16.0,harpy.co
47.0,2,7,0.0,10.0,harpy.co
47.0,3,3,108.0,0.0,harpy.co
47.0,3,4,0.0,2.0,harpy.co
47.0,3,5,0.0,1.0,harpy.co
47.0,3,6,0.0,5.0,harpy.co
47.0,3,7,0.0,18.0,harpy.co
47.0,4,4,108.0,0.0,harpy.co
47.0,4,5,0.0,3.0,harpy.co
47.0,4,6,0.0,3.0,harpy.co
47.0,4,7,0.0,4.0,harpy.co
47.0,5,5,103.0,0.0,harpy.co
47.0,5,6,0.0,3.0,harpy.co
47.0,5,7,0.0,1.0,harpy.co
47.0,6,6,109.0,0.0,harpy.co
47.0,6,7,0.0,3.0,harpy.co
48.0,1,1,103.0,0.0,harpy.co
48.0,1,2,0.0,3.0,harpy.co
48.0,1,3,0.0,2.0,harpy.co
48.0,1,4,0.0,2.0,harpy.co
48.0,1,5,0.0,15.0,harpy.co
48.0,1,6,0.0,12.0,harpy.co
48.0,1,7,0.0,11.0,harpy.co
48.0,2,2,110.0,0.0,harpy.co
48.0,2,3,0.0,4.0,harpy.co
48.0,2,4,0.0,3.0,harpy.co
48.0,2,5,0.0,4.0,harpy.co
48.0,2,6,0.0,14.0,harpy.co
48.0,2,7,0.0,16.0,harpy.co
48.0,3,3,110.0,0.0,harpy.co
48.0,3,4,0.0,2.0,harpy.co
48.0,3,5,0.0,3.0,harpy.co
48.0,3,6,0.0,0.0,harpy.co
48.0,3,7,0.0,19.0,harpy.co
48.0,4,4,110.0,0.0,harpy.co
48.0,4,5,0.0,3.0,harpy.co
48.0,4,6,0.0,4.0,harpy.co
48.0,4,7,0.0,3.0,harpy.co
48.0,5,5,106.0,0.0,harpy.co
48.0,5,6,0.0,3.0,harpy.co
48.0,5,7,0.0,4.0,harpy.co
48.0,6,6,108.0,0.0,harpy.co
48.0,6,7,0.0,2.0,harpy.co
49.0,1,1,104.0,0.0,harpy.co
49.0,1,2,0.0,2.0,harpy.co
49.0,1,3,0.0,2.0,harpy.co
49.0,1,4,0.0,3.0,harpy.co
49.0,1,5,0.0,16.0,harpy.co
49.0,1,6,0.0,13.0,harpy.co
49.0,1,7,0.0,12.0,harpy.co
49.0,2,2,110.0,0.0,harpy.co
49.0,2,3,0.0,3.0,harpy.co
49.0,2,4,0.0,3.0,harpy.co
49.0,2,5,0.0,4.0,harpy.co
49.0,2,6,0.0,13.0,harpy.co
49.0,2,7,0.0,11.0,harpy.co
49.0,3,3,108.0,0.0,harpy.co
49.0,3,4,0.0,2.0,harpy.co
49.0,3,5,0.0,2.0,harpy.co
49.0,3,6,0.0,3.0,harpy.co
49.0,3,7,0.0,14.0,harpy.co
49.0,4,4,110.0,0.0,harpy.co
49.0,4,5,0.0,2.0,harpy.co
49.0,4,6,0.0,3.0,harpy.co
49.0,4,7,0.0,3.0,harpy.co
49.0,5,5,105.0,0.0,harpy.co
49.0,5,6,0.0,3.0,harpy.co
49.0,5,7,0.0,2.0,harpy.co
49.0,6,6,107.0,0.0,harpy.co
49.0,6,7,0.0,3.0,harpy.co
50.0,1,1,105.0,0.0,harpy.co
50.0,1,2,0.0,2.0,harpy.co
50.0,1,3,0.0,4.0,harpy.co
50.0,1,4,0.0,3.0,harpy.co
50.0,1,5,0.0,15.0,harpy.co
50.0,1,6,0.0,11.0,harpy.co
50.0,1,7,0.0,13.0,harpy.co
50.0,2,2,103.0,0.0,harpy.co
50.0,2,3,0.0,3.0,harpy.co
50.0,2,4,0.0,1.0,harpy.co
50.0,2,5,0.0,2.0,harpy.co
50.0,2,6,0.0,16.0,harpy.co
50.0,2,7,0.0,14.0,harpy.co
50.0,3,3,108.0,0.0,harpy.co
50.0,3,4,0.0,2.0,harpy.co
50.0,3,5,0.0,4.0,harpy.co
50.0,3,6,0.0,5.0,harpy.co
50.0,3,7,0.0,16.0,harpy.co
50.0,4,4,106.0,0.0,harpy.co
50.0,4,5,0.0,2.0,harpy.co
50.0,4,6,0.0,2.0,harpy.co
50.0,4,7,0.0,5.0,harpy.co
50.0,5,5,101.0,0.0,harpy.co
50.0,5,6,0.0,2.0,harpy.co
50.0,5,7,0.0,2.0,harpy.co
50.0,6,6,110.0,0.0,harpy.co
50.0,6,7,0.0,2.0,harpy.co
51.0,1,1,106.0,0.0,westeros.inc
51.0,1,2,0.0,8.0,westeros.inc
51.0,1,3,0.0,9.0,westeros.inc
51.0,1,4,0.0,8.0,westeros.inc
51.0,1,5,0.0,12.0,westeros.inc
51.0,1,6,0.0,0.0,westeros.inc
51.0,1,7,0.0,5.0,westeros.inc
51.0,2,2,104.0,0.0,westeros.inc
51.0,2,3,0.0,9.0,westeros.inc
51.0,2,4,0.0,14.0,westeros.inc
51.0,2,5,0.0,4.0,westeros.inc
51.0,2,6,0.0,6.0,westeros.inc
51.0,2,7,0.0,9.0,westeros.inc
51.0,3,3,106.0,0.0,westeros.inc
51.0,3,4,0.0,8.0,westeros.inc
51.0,3,5,0.0,12.0,westeros.inc
51.0,3,6,0.0,5.0,westeros.inc
51.0,3,7,0.0,11.0,westeros.inc
51.0,4,4,101.0,0.0,westeros.inc
51.0,4,5,0.0,10.0,westeros.inc
51.0,4,6,0.0,5.0,westeros.inc
51.0,4,7,0.0,6.0,westeros.inc
51.0,5,5,102.0,0.0,westeros.inc
51.0,5,6,0.0,8.0,westeros.inc
51.0,5,7,0.0,8.0,westeros.inc
51.0,6,6,104.0,0.0,westeros.inc
51.0,6,7,0.0,7.0,westeros.inc
52.0,1,1,102.0,0.0,westeros.inc
52.0,1,2,0.0,8.0,westeros.inc
52.0,1,3,0.0,10.0,westeros.inc
52.0,1,4,0.0,9.0,westeros.inc
52.0,1,5,0.0,6.0,westeros.inc
52.0,1,6,0.0,7.0,westeros.inc
52.0,1,7,0.0,2.0,westeros.inc
52.0,2,2,104.0,0.0,westeros.inc
52.0,2,3,0.0,9.0,westeros.inc
52.0,2,4,0.0,11.0,westeros.inc
52.0,2,5,0.0,6.0,westeros.inc
52.0,2,6,0.0,9.0,westeros.inc
52.0,2,7,0.0,5.0,westeros.inc
52.0,3,3,107.0,0.0,westeros.inc
52.0,3,4,0.0,7.0,westeros.inc
52.0,3,5,0.0,9.0,westeros.inc
52.0,3,6,0.0,5.0,westeros.inc
52.0,3,7,0.0,8.0,westeros.inc
52.0,4,4,103.0,0.0,westeros.inc
52.0,4,5,0.0,8.0,westeros.inc
52.0,4,6,0.0,5.0,westeros.inc
52.0,4,7,0.0,7.0,westeros.inc
52.0,5,5,108.0,0.0,westeros.inc
52.0,5,6,0.0,7.0,westeros.inc
52.0,5,7,0.0,12.0,westeros.inc
52.0,6,6,107.0,0.0,westeros.inc
52.0,6,7,0.0,8.0,westeros.inc
53.0,1,1,105.0,0.0,westeros.inc
53.0,1,2,0.0,8.0,westeros.inc
53.0,1,3,0.0,8.0,westeros.inc
53.0,1,4,0.0,5.0,westeros.inc
53.0,1,5,0.0,11.0,westeros.inc
53.0,1,6,0.0,9.0,westeros.inc
53.0,1,7,0.0,6.0,westeros.inc
53.0,2,2,109.0,0.0,westeros.inc
53.0,2,3,0.0,11.0,westeros.inc
53.0,2,4,0.0,8.0,westeros.inc
53.0,2,5,0.0,6.0,westeros.inc
53.0,2,6,0.0,7.0,westeros.inc
53.0,2,7,0.0,6.0,westeros.inc
53.0,3,3,105.0,0.0,westeros.inc
53.0,3,4,0.0,8.0,westeros.inc
53.0,3,5,0.0,8.0,westeros.inc
53.0,3,6,0.0,6.0,westeros.inc
53.0,3,7,0.0,5.0,westeros.inc
53.0,4,4,109.0,0.0,westeros.inc
53.0,4,5,0.0,9.0,westeros.inc
53.0,4,6,0.0,9.0,westeros.inc
53.0,4,7,0.0,7.0,westeros.inc
53.0,5,5,109.0,0.0,westeros.inc
53.0,5,6,0.0,8.0,westeros.inc
53.0,5,7,0.0,8.0,westeros.inc
53.0,6,6,108.0,0.0,westeros.inc
53.0,6,7,0.0,8.0,westeros.inc
54.0,1,1,107.0,0.0,westeros.inc
54.0,1,2,0.0,10.0,westeros.inc
54.0,1,3,0.0,8.0,westeros.inc
54.0,1,4,0.0,13.0,westeros.inc
54.0,1,5,0.0,5.0,westeros.inc
54.0,1,6,0.0,5.0,westeros.inc
54.0,1,7,0.0,7.0,westeros.inc
54.0,2,2,108.0,0.0,westeros.inc
54.0,2,3,0.0,10.0,westeros.inc
54.0,2,4,0.0,8.0,westeros.inc
54.0,2,5,0.0,7.0,westeros.inc
54.0,2,6,0.0,8.0,westeros.inc
54.0,2,7,0.0,6.0,westeros.inc
54.0,3,3,103.0,0.0,westeros.inc
54.0,3,4,0.0,7.0,westeros.inc
54.0,3,5,0.0,10.0,westeros.inc
54.0,3,6,0.0,4.0,westeros.inc
54.0,3,7,0.0,8.0,westeros.inc
54.0,4,4,106.0,0.0,westeros.inc
54.0,4,5,0.0,7.0,westeros.inc
54.0,4,6,0.0,7.0,westeros.inc
54.0,4,7,0.0,8.0,westeros.inc
54.0,5,5,106.0,0.0,westeros.inc
54.0,5,6,0.0,8.0,westeros.inc
54.0,5,7,0.0,9.0,westeros.inc
54.0,6,6,110.0,0.0,westeros.inc
54.0,6,7,0.0,8.0,westeros.inc
55.0,1,1,107.0,0.0,westeros.inc
55.0,1,2,0.0,11.0,westeros.inc
55.0,1,3,0.0,8.0,westeros.inc
55.0,1,4,0.0,6.0,westeros.inc
55.0,1,5,0.0,3.0,westeros.inc
55.0,1,6,0.0,-1.0,westeros.inc
55.0,1,7,0.0,11.0,westeros.inc
55.0,2,2,106.0,0.0,westeros.inc
55.0,2,3,0.0,7.0,westeros.inc
55.0,2,4,0.0,8.0,westeros.inc
55.0,2,5,0.0,8.0,westeros.inc
55.0,2,6,0.0,10.0,westeros.inc
55.0,2,7,0.0,8.0,westeros.inc
55.0,3,3,104.0,0.0,westeros.inc
55.0,3,4,0.0,9.0,westeros.inc
55.0,3,5,0.0,7.0,westeros.inc
55.0,3,6,0.0,6.0,westeros.inc
55.0,3,7,0.0,11.0,westeros.inc
55.0,4,4,107.0,0.0,westeros.inc
55.0,4,5,0.0,10.0,westeros.inc
55.0,4,6,0.0,8.0,westeros.inc
55.0,4,7,0.0,8.0,westeros.inc
55.0,5,5,103.0,0.0,westeros.inc
55.0,5,6,0.0,9.0,westeros.inc
55.0,5,7,0.0,11.0,westeros.inc
55.0,6,6,105.0,0.0,westeros.inc
55.0,6,7,0.0,10.0,westeros.inc
56.0,1,1,106.0,0.0,westeros.inc
56.0,1,2,0.0,7.0,westeros.inc
56.0,1,3,0.0,8.0,westeros.inc
56.0,1,4,0.0,9.0,westeros.inc
56.0,1,5,0.0,3.0,westeros.inc
56.0,1,6,0.0,6.0,westeros.inc
56.0,1,7,0.0,0.0,westeros.inc
56.0,2,2,105.0,0.0,westeros.inc
56.0,2,3,0.0,10.0,westeros.inc
56.0,2,4,0.0,9.0,westeros.inc
56.0,2,5,0.0,4.0,westeros.inc
56.0,2,6,0.0,10.0,westeros.inc
56.0,2,7,0.0,10.0,westeros.inc
56.0,3,3,105.0,0.0,westeros.inc
56.0,3,4,0.0,8.0,westeros.inc
56.0,3,5,0.0,10.0,westeros.inc
56.0,3,6,0.0,9.0,westeros.inc
56.0,3,7,0.0,7.0,westeros.inc
56.0,4,4,109.0,0.0,westeros.inc
56.0,4,5,0.0,8.0,westeros.inc
56.0,4,6,0.0,9.0,westeros.inc
56.0,4,7,0.0,9.0,westeros.inc
56.0,5,5,109.0,0.0,westeros.inc
56.0,5,6,0.0,8.0,westeros.inc
56.0,5,7,0.0,7.0,westeros.inc
56.0,6,6,101.0,0.0,westeros.inc
56.0,6,7,0.0,7.0,westeros.inc
57.0,1,1,101.0,0.0,westeros.inc
57.0,1,2,0.0,9.0,westeros.inc
57.0,1,3,0.0,8.0,westeros.inc
57.0,1,4,0.0,4.0,westeros.inc
57.0,1,5,0.0,5.0,westeros.inc
57.0,1,6,0.0,6.0,westeros.inc
57.0,1,7,0.0,3.0,westeros.inc
57.0,2,2,109.0,0.0,westeros.inc
57.0,2,3,0.0,9.0,westeros.inc
57.0,2,4,0.0,7.0,westeros.inc
57.0,2,5,0.0,2.0,westeros.inc
57.0,2,6,0.0,6.0,westeros.inc
57.0,2,7,0.0,5.0,westeros.inc
57.0,3,3,103.0,0.0,westeros.inc
57.0,3,4,0.0,10.0,westeros.inc
57.0,3,5,0.0,7.0,westeros.inc
57.0,3,6,0.0,5.0,westeros.inc
57.0,3,7,0.0,3.0,westeros.inc
57.0,4,4,102.0,0.0,westeros.inc
57.0,4,5,0.0,10.0,westeros.inc
57.0,4,6,0.0,8.0,westeros.inc
57.0,4,7,0.0,6.0,westeros.inc
57.0,5,5,103.0,0.0,westeros.inc
57.0,5,6,0.0,8.0,westeros.inc
57.0,5,7,0.0,10.0,westeros.inc
57.0,6,6,104.0,0.0,westeros.inc
57.0,6,7,0.0,10.0,westeros.inc
58.0,1,1,105.0,0.0,westeros.inc
58.0,1,2,0.0,10.0,westeros.inc
58.0,1,3,0.0,10.0,westeros.inc
58.0,1,4,0.0,8.0,westeros.inc
58.0,1,5,0.0,8.0,westeros.inc
58.0,1,6,0.0,5.0,westeros.inc
58.0,1,7,0.0,7.0,westeros.inc
58.0,2,2,106.0,0.0,westeros.inc
58.0,2,3,0.0,9.0,westeros.inc
58.0,2,4,0.0,7.0,westeros.inc
58.0,2,5,0.0,8.0,westeros.inc
58.0,2,6,0.0,12.0,westeros.inc
58.0,2,7,0.0,7.0,westeros.inc
58.0,3,3,110.0,0.0,westeros.inc
58.0,3,4,0.0,11.0,westeros.inc
58.0,3,5,0.0,11.0,westeros.inc
58.0,3,6,0.0,8.0,westeros.inc
58.0,3,7,0.0,9.0,westeros.inc
58.0,4,4,103.0,0.0,westeros.inc
58.0,4,5,0.0,9.0,westeros.inc
58.0,4,6,0.0,9.0,westeros.inc
58.0,4,7,0.0,8.0,westeros.inc
58.0,5,5,109.0,0.0,westeros.inc
58.0,5,6,0.0,10.0,westeros.inc
58.0,5,7,0.0,11.0,westeros.inc
58.0,6,6,102.0,0.0,westeros.inc
58.0,6,7,0.0,7.0,westeros.inc
59.0,1,1,104.0,0.0,westeros.inc
59.0,1,2,0.0,7.0,westeros.inc
59.0,1,3,0.0,9.0,westeros.inc
59.0,1,4,0.0,6.0,westeros.inc
59.0,1,5,0.0,3.0,westeros.inc
59.0,1,6,0.0,6.0,westeros.inc
59.0,1,7,0.0,5.0,westeros.inc
59.0,2,2,102.0,0.0,westeros.inc
59.0,2,3,0.0,7.0,westeros.inc
59.0,2,4,0.0,10.0,westeros.inc
59.0,2,5,0.0,9.0,westeros.inc
59.0,2,6,0.0,7.0,westeros.inc
59.0,2,7,0.0,8.0,westeros.inc
59.0,3,3,109.0,0.0,westeros.inc
59.0,3,4,0.0,9.0,westeros.inc
59.0,3,5,0.0,12.0,westeros.inc
59.0,3,6,0.0,7.0,westeros.inc
59.0,3,7,0.0,14.0,westeros.inc
59.0,4,4,109.0,0.0,westeros.inc
59.0,4,5,0.0,11.0,westeros.inc
59.0,4,6,0.0,12.0,westeros.inc
59.0,4,7,0.0,10.0,westeros.inc
59.0,5,5,103.0,0.0,westeros.inc
59.0,5,6,0.0,9.0,westeros.inc
59.0,5,7,0.0,6.0,westeros.inc
59.0,6,6,101.0,0.0,westeros.inc
59.0,6,7,0.0,10.0,westeros.inc
60.0,1,1,106.0,0.0,westeros.inc
60.0,1,2,0.0,10.0,westeros.inc
60.0,1,3,0.0,7.0,westeros.inc
60.0,1,4,0.0,11.0,westeros.inc
60.0,1,5,0.0,5.0,westeros.inc
60.0,1,6,0.0,2.0,westeros.inc
60.0,1,7,0.0,6.0,westeros.inc
60.0,2,2,106.0,0.0,westeros.inc
60.0,2,3,0.0,8.0,westeros.inc
60.0,2,4,0.0,9.0,westeros.inc
60.0,2,5,0.0,9.0,westeros.inc
60.0,2,6,0.0,0.0,westeros.inc
60.0,2,7,0.0,12.0,westeros.inc
60.0,3,3,107.0,0.0,westeros.inc
60.0,3,4,0.0,11.0,westeros.inc
60.0,3,5,0.0,9.0,westeros.inc
60.0,3,6,0.0,6.0,westeros.inc
60.0,3,7,0.0,8.0,westeros.inc
60.0,4,4,102.0,0.0,westeros.inc
60.0,4,5,0.0,8.0,westeros.inc
60.0,4,6,0.0,11.0,westeros.inc
60.0,4,7,0.0,8.0,westeros.inc
60.0,5,5,107.0,0.0,westeros.inc
60.0,5,6,0.0,9.0,westeros.inc
60.0,5,7,0.0,8.0,westeros.inc
60.0,6,6,106.0,0.0,westeros.inc
60.0,6,7,0.0,10.0,westeros.inc
61.0,1,1,104.0,0.0,westeros.inc
61.0,1,2,0.0,8.0,westeros.inc
61.0,1,3,0.0,7.0,westeros.inc
61.0,1,4,0.0,9.0,westeros.inc
61.0,1,5,0.0,8.0,westeros.inc
61.0,1,6,0.0,7.0,westeros.inc
61.0,1,7,0.0,2.0,westeros.inc
61.0,2,2,101.0,0.0,westeros.inc
61.0,2,3,0.0,8.0,westeros.inc
61.0,2,4,0.0,7.0,westeros.inc
61.0,2,5,0.0,10.0,westeros.inc
61.0,2,6,0.0,7.0,westeros.inc
61.0,2,7,0.0,5.0,westeros.inc
61.0,3,3,110.0,0.0,westeros.inc
61.0,3,4,0.0,11.0,westeros.inc
61.0,3,5,0.0,7.0,westeros.inc
61.0,3,6,0.0,9.0,westeros.inc
61.0,3,7,0.0,8.0,westeros.inc
61.0,4,4,106.0,0.0,westeros.inc
61.0,4,5,0.0,11.0,westeros.inc
61.0,4,6,0.0,8.0,westeros.inc
61.0,4,7,0.0,8.0,westeros.inc
61.0,5,5,106.0,0.0,westeros.inc
61.0,5,6,0.0,11.0,westeros.inc
61.0,5,7,0.0,3.0,westeros.inc
61.0,6,6,107.0,0.0,westeros.inc
61.0,6,7,0.0,9.0,westeros.inc
62.0,1,1,107.0,0.0,westeros.inc
62.0,1,2,0.0,8.0,westeros.inc
62.0,1,3,0.0,5.0,westeros.inc
62.0,1,4,0.0,12.0,westeros.inc
62.0,1,5,0.0,10.0,westeros.inc
62.0,1,6,0.0,2.0,westeros.inc
62.0,1,7,0.0,4.0,westeros.inc
62.0,2,2,110.0,0.0,westeros.inc
62.0,2,3,0.0,9.0,westeros.inc
62.0,2,4,0.0,8.0,westeros.inc
62.0,2,5,0.0,11.0,westeros.inc
62.0,2,6,0.0,7.0,westeros.inc
62.0,2,7,0.0,8.0,westeros.inc
62.0,3,3,104.0,0.0,westeros.inc
62.0,3,4,0.0,8.0,westeros.inc
62.0,3,5,0.0,7.0,westeros.inc
62.0,3,6,0.0,11.0,westeros.inc
62.0,3,7,0.0,4.0,westeros.inc
62.0,4,4,109.0,0.0,westeros.inc
62.0,4,5,0.0,9.0,westeros.inc
62.0,4,6,0.0,9.0,westeros.inc
62.0,4,7,0.0,8.0,westeros.inc
62.0,5,5,110.0,0.0,westeros.inc
62.0,5,6,0.0,8.0,westeros.inc
62.0,5,7,0.0,11.0,westeros.inc
62.0,6,6,101.0,0.0,westeros.inc
62.0,6,7,0.0,10.0,westeros.inc
63.0,1,1,110.0,0.0,westeros.inc
63.0,1,2,0.0,10.0,westeros.inc
63.0,1,3,0.0,8.0,westeros.inc
63.0,1,4,0.0,6.0,westeros.inc
63.0,1,5,0.0,6.0,westeros.inc
63.0,1,6,0.0,5.0,westeros.inc
63.0,1,7,0.0,3.0,westeros.inc
63.0,2,2,104.0,0.0,westeros.inc
63.0,2,3,0.0,7.0,westeros.inc
63.0,2,4,0.0,11.0,westeros.inc
63.0,2,5,0.0,2.0,westeros.inc
63.0,2,6,0.0,11.0,westeros.inc
63.0,2,7,0.0,12.0,westeros.inc
63.0,3,3,110.0,0.0,westeros.inc
63.0,3,4,0.0,8.0,westeros.inc
63.0,3,5,0.0,5.0,westeros.inc
63.0,3,6,0.0,8.0,westeros.inc
63.0,3,7,0.0,9.0,westeros.inc
63.0,4,4,104.0,0.0,westeros.inc
63.0,4,5,0.0,8.0,westeros.inc
63.0,4,6,0.0,7.0,westeros.inc
63.0,4,7,0.0,4.0,westeros.inc
63.0,5,5,102.0,0.0,westeros.inc
63.0,5,6,0.0,9.0,westeros.inc
63.0,5,7,0.0,9.0,westeros.inc
63.0,6,6,101.0,0.0,westeros.inc
63.0,6,7,0.0,9.0,westeros.inc
64.0,1,1,103.0,0.0,westeros.inc
64.0,1,2,0.0,7.0,westeros.inc
64.0,1,3,0.0,5.0,westeros.inc
64.0,1,4,0.0,11.0,westeros.inc
64.0,1,5,0.0,7.0,westeros.inc
64.0,1,6,0.0,6.0,westeros.inc
64.0,1,7,0.0,11.0,westeros.inc
64.0,2,2,106.0,0.0,westeros.inc
64.0,2,3,0.0,11.0,westeros.inc
64.0,2,4,0.0,3.0,westeros.inc
64.0,2,5,0.0,8.0,westeros.inc
64.0,2,6,0.0,8.0,westeros.inc
64.0,2,7,0.0,5.0,westeros.inc
64.0,3,3,105.0,0.0,westeros.inc
64.0,3,4,0.0,9.0,westeros.inc
64.0,3,5,0.0,11.0,westeros.inc
64.0,3,6,0.0,4.0,westeros.inc
64.0,3,7,0.0,5.0,westeros.inc
64.0,4,4,109.0,0.0,westeros.inc
64.0,4,5,0.0,10.0,westeros.inc
64.0,4,6,0.0,8.0,westeros.inc
64.0,4,7,0.0,9.0,westeros.inc
64.0,5,5,109.0,0.0,westeros.inc
64.0,5,6,0.0,7.0,westeros.inc
64.0,5,7,0.0,5.0,westeros.inc
64.0,6,6,110.0,0.0,westeros.inc
64.0,6,7,0.0,8.0,westeros.inc
65.0,1,1,103.0,0.0,westeros.inc
65.0,1,2,0.0,9.0,westeros.inc
65.0,1,3,0.0,9.0,westeros.inc
65.0,1,4,0.0,9.0,westeros.inc
65.0,1,5,0.0,9.0,westeros.inc
65.0,1,6,0.0,13.0,westeros.inc
65.0,1,7,0.0,9.0,westeros.inc
65.0,2,2,109.0,0.0,westeros.inc
65.0,2,3,0.0,8.0,westeros.inc
65.0,2,4,0.0,7.0,westeros.inc
65.0,2,5,0.0,8.0,westeros.inc
65.0,2,6,0.0,12.0,westeros.inc
65.0,2,7,0.0,12.0,westeros.inc
65.0,3,3,108.0,0.0,westeros.inc
65.0,3,4,0.0,10.0,westeros.inc
65.0,3,5,0.0,7.0,westeros.inc
65.0,3,6,0.0,6.0,westeros.inc
65.0,3,7,0.0,5.0,westeros.inc
65.0,4,4,107.0,0.0,westeros.inc
65.0,4,5,0.0,10.0,westeros.inc
65.0,4,6,0.0,12.0,westeros.inc
65.0,4,7,0.0,8.0,westeros.inc
65.0,5,5,101.0,0.0,westeros.inc
65.0,5,6,0.0,7.0,westeros.inc
65.0,5,7,0.0,9.0,westeros.inc
65.0,6,6,107.0,0.0,westeros.inc
65.0,6,7,0.0,9.0,westeros.inc
66.0,1,1,107.0,0.0,westeros.inc
66.0,1,2,0.0,9.0,westeros.inc
66.0,1,3,0.0,9.0,westeros.inc
66.0,1,4,0.0,7.0,westeros.inc
66.0,1,5,0.0,11.0,westeros.inc
66.0,1,6,0.0,4.0,westeros.inc
66.0,1,7,0.0,7.0,westeros.inc
66.0,2,2,104.0,0.0,westeros.inc
66.0,2,3,0.0,10.0,westeros.inc
66.0,2,4,0.0,12.0,westeros.inc
66.0,2,5,0.0,5.0,westeros.inc
66.0,2,6,0.0,8.0,westeros.inc
66.0,2,7,0.0,6.0,westeros.inc
66.0,3,3,104.0,0.0,westeros.inc
66.0,3,4,0.0,9.0,westeros.inc
66.0,3,5,0.0,7.0,westeros.inc
66.0,3,6,0.0,8.0,westeros.inc
66.0,3,7,0.0,6.0,westeros.inc
66.0,4,4,104.0,0.0,westeros.inc
66.0,4,5,0.0,8.0,westeros.inc
66.0,4,6,0.0,6.0,westeros.inc
66.0,4,7,0.0,7.0,westeros.inc
66.0,5,5,104.0,0.0,westeros.inc
66.0,5,6,0.0,11.0,westeros.inc
66.0,5,7,0.0,6.0,westeros.inc
66.0,6,6,102.0,0.0,westeros.inc
66.0,6,7,0.0,7.0,westeros.inc
67.0,1,1,109.0,0.0,westeros.inc
67.0,1,2,0.0,11.0,westeros.inc
67.0,1,3,0.0,5.0,westeros.inc
67.0,1,4,0.0,9.0,westeros.inc
67.0,1,5,0.0,9.0,westeros.inc
67.0,1,6,0.0,5.0,westeros.inc
67.0,1,7,0.0,3.0,westeros.inc
67.0,2,2,105.0,0.0,westeros.inc
67.0,2,3,0.0,9.0,westeros.inc
67.0,2,4,0.0,7.0,westeros.inc
67.0,2,5,0.0,5.0,westeros.inc
67.0,2,6,0.0,12.0,westeros.inc
67.0,2,7,0.0,6.0,westeros.inc
67.0,3,3,105.0,0.0,westeros.inc
67.0,3,4,0.0,9.0,westeros.inc
67.0,3,5,0.0,11.0,westeros.inc
67.0,3,6,0.0,8.0,westeros.inc
67.0,3,7,0.0,4.0,westeros.inc
67.0,4,4,103.0,0.0,westeros.inc
67.0,4,5,0.0,8.0,westeros.inc
67.0,4,6,0.0,10.0,westeros.inc
67.0,4,7,0.0,1.0,westeros.inc
67.0,5,5,101.0,0.0,westeros.inc
67.0,5,6,0.0,11.0,westeros.inc
67.0,5,7,0.0,4.0,westeros.inc
67.0,6,6,101.0,0.0,westeros.inc
67.0,6,7,0.0,8.0,westeros.inc
68.0,1,1,105.0,0.0,westeros.inc
68.0,1,2,0.0,11.0,westeros.inc
68.0,1,3,0.0,8.0,westeros.inc
68.0,1,4,0.0,7.0,westeros.inc
68.0,1,5,0.0,4.0,westeros.inc
68.0,1,6,0.0,9.0,westeros.inc
68.0,1,7,0.0,4.0,westeros.inc
68.0,2,2,109.0,0.0,westeros.inc
68.0,2,3,0.0,8.0,westeros.inc
68.0,2,4,0.0,12.0,westeros.inc
68.0,2,5,0.0,6.0,westeros.inc
68.0,2,6,0.0,9.0,westeros.inc
68.0,2,7,0.0,5.0,westeros.inc
68.0,3,3,103.0,0.0,westeros.inc
68.0,3,4,0.0,8.0,westeros.inc
68.0,3,5,0.0,9.0,westeros.inc
68.0,3,6,0.0,7.0,westeros.inc
68.0,3,7,0.0,8.0,westeros.inc
68.0,4,4,109.0,0.0,westeros.inc
68.0,4,5,0.0,9.0,westeros.inc
68.0,4,6,0.0,8.0,westeros.inc
68.0,4,7,0.0,4.0,westeros.inc
68.0,5,5,104.0,0.0,westeros.inc
68.0,5,6,0.0,10.0,westeros.inc
68.0,5,7,0.0,10.0,westeros.inc
68.0,6,6,103.0,0.0,westeros.inc
68.0,6,7,0.0,7.0,westeros.inc
69.0,1,1,102.0,0.0,westeros.inc
69.0,1,2,0.0,7.0,westeros.inc
69.0,1,3,0.0,8.0,westeros.inc
69.0,1,4,0.0,12.0,westeros.inc
69.0,1,5,0.0,6.0,westeros.inc
69.0,1,6,0.0,5.0,westeros.inc
69.0,1,7,0.0,5.0,westeros.inc
69.0,2,2,110.0,0.0,westeros.inc
69.0,2,3,0.0,11.0,westeros.inc
69.0,2,4,0.0,10.0,westeros.inc
69.0,2,5,0.0,6.0,westeros.inc
69.0,2,6,0.0,10.0,westeros.inc
69.0,2,7,0.0,2.0,westeros.inc
69.0,3,3,105.0,0.0,westeros.inc
69.0,3,4,0.0,11.0,westeros.inc
69.0,3,5,0.0,11.0,westeros.inc
69.0,3,6,0.0,11.0,westeros.inc
69.0,3,7,0.0,12.0,westeros.inc
69.0,4,4,103.0,0.0,westeros.inc
69.0,4,5,0.0,8.0,westeros.inc
69.0,4,6,0.0,11.0,westeros.inc
69.0,4,7,0.0,8.0,westeros.inc
69.0,5,5,101.0,0.0,westeros.inc
69.0,5,6,0.0,10.0,westeros.inc
69.0,5,7,0.0,7.0,westeros.inc
69.0,6,6,108.0,0.0,westeros.inc
69.0,6,7,0.0,7.0,westeros.inc
70.0,1,1,103.0,0.0,westeros.inc
70.0,1,2,0.0,7.0,westeros.inc
70.0,1,3,0.0,13.0,westeros.inc
70.0,1,4,0.0,12.0,westeros.inc
70.0,1,5,0.0,5.0,westeros.inc
70.0,1,6,0.0,9.0,westeros.inc
70.0,1,7,0.0,6.0,westeros.inc
70.0,2,2,109.0,0.0,westeros.inc
70.0,2,3,0.0,11.0,westeros.inc
70.0,2,4,0.0,7.0,westeros.inc
70.0,2,5,0.0,3.0,westeros.inc
70.0,2,6,0.0,8.0,westeros.inc
70.0,2,7,0.0,9.0,westeros.inc
70.0,3,3,104.0,0.0,westeros.inc
70.0,3,4,0.0,8.0,westeros.inc
70.0,3,5,0.0,8.0,westeros.inc
70.0,3,6,0.0,9.0,westeros.inc
70.0,3,7,0.0,11.0,westeros.inc
70.0,4,4,103.0,0.0,westeros.inc
70.0,4,5,0.0,9.0,westeros.inc
70.0,4,6,0.0,8.0,westeros.inc
70.0,4,7,0.0,6.0,westeros.inc
70.0,5,5,102.0,0.0,westeros.inc
70.0,5,6,0.0,9.0,westeros.inc
70.0,5,7,0.0,8.0,westeros.inc
70.0,6,6,106.0,0.0,westeros.inc
70.0,6,7,0.0,8.0,westeros.inc
71.0,1,1,101.0,0.0,westeros.inc
71.0,1,2,0.0,9.0,westeros.inc
71.0,1,3,0.0,6.0,westeros.inc
71.0,1,4,0.0,10.0,westeros.inc
71.0,1,5,0.0,9.0,westeros.inc
71.0,1,6,0.0,8.0,westeros.inc
71.0,1,7,0.0,5.0,westeros.inc
71.0,2,2,103.0,0.0,westeros.inc
71.0,2,3,0.0,9.0,westeros.inc
71.0,2,4,0.0,8.0,westeros.inc
71.0,2,5,0.0,10.0,westeros.inc
71.0,2,6,0.0,11.0,westeros.inc
71.0,2,7,0.0,4.0,westeros.inc
71.0,3,3,104.0,0.0,westeros.inc
71.0,3,4,0.0,7.0,westeros.inc
71.0,3,5,0.0,3.0,westeros.inc
71.0,3,6,0.0,6.0,westeros.inc
71.0,3,7,0.0,11.0,westeros.inc
71.0,4,4,109.0,0.0,westeros.inc
71.0,4,5,0.0,11.0,westeros.inc
71.0,4,6,0.0,8.0,westeros.inc
71.0,4,7,0.0,7.0,westeros.inc
71.0,5,5,109.0,0.0,westeros.inc
71.0,5,6,0.0,9.0,westeros.inc
71.0,5,7,0.0,11.0,westeros.inc
71.0,6,6,105.0,0.0,westeros.inc
71.0,6,7,0.0,8.0,westeros.inc
72.0,1,1,108.0,0.0,westeros.inc
72.0,1,2,0.0,11.0,westeros.inc
72.0,1,3,0.0,6.0,westeros.inc
72.0,1,4,0.0,6.0,westeros.inc
72.0,1,5,0.0,7.0,westeros.inc
72.0,1,6,0.0,4.0,westeros.inc
72.0,1,7,0.0,3.0,westeros.inc
72.0,2,2,109.0,0.0,westeros.inc
72.0,2,3,0.0,8.0,westeros.inc
72.0,2,4,0.0,5.0,westeros.inc
72.0,2,5,0.0,14.0,westeros.inc
72.0,2,6,0.0,6.0,westeros.inc
72.0,2,7,0.0,7.0,westeros.inc
72.0,3,3,108.0,0.0,westeros.inc
72.0,3,4,0.0,11.0,westeros.inc
72.0,3,5,0.0,11.0,westeros.inc
72.0,3,6,0.0,5.0,westeros.inc
72.0,3,7,0.0,8.0,westeros.inc
72.0,4,4,107.0,0.0,westeros.inc
72.0,4,5,0.0,9.0,westeros.inc
72.0,4,6,0.0,7.0,westeros.inc
72.0,4,7,0.0,7.0,westeros.inc
72.0,5,5,102.0,0.0,westeros.inc
72.0,5,6,0.0,10.0,westeros.inc
72.0,5,7,0.0,7.0,westeros.inc
72.0,6,6,104.0,0.0,westeros.inc
72.0,6,7,0.0,10.0,westeros.inc
73.0,1,1,102.0,0.0,westeros.inc
73.0,1,2,0.0,8.0,westeros.inc
73.0,1,3,0.0,8.0,westeros.inc
73.0,1,4,0.0,8.0,westeros.inc
73.0,1,5,0.0,6.0,westeros.inc
73.0,1,6,0.0,7.0,westeros.inc
73.0,1,7,0.0,7.0,westeros.inc
73.0,2,2,103.0,0.0,westeros.inc
73.0,2,3,0.0,10.0,westeros.inc
73.0,2,4,0.0,7.0,westeros.inc
73.0,2,5,0.0,5.0,westeros.inc
73.0,2,6,0.0,9.0,westeros.inc
73.0,2,7,0.0,3.0,westeros.inc
73.0,3,3,103.0,0.0,westeros.inc
73.0,3,4,0.0,11.0,westeros.inc
73.0,3,5,0.0,11.0,westeros.inc
73.0,3,6,0.0,12.0,westeros.inc
73.0,3,7,0.0,9.0,westeros.inc
73.0,4,4,107.0,0.0,westeros.inc
73.0,4,5,0.0,7.0,westeros.inc
73.0,4,6,0.0,8.0,westeros.inc
73.0,4,7,0.0,8.0,westeros.inc
73.0,5,5,106.0,0.0,westeros.inc
73.0,5,6,0.0,7.0,westeros.inc
73.0,5,7,0.0,7.0,westeros.inc
73.0,6,6,102.0,0.0,westeros.inc
73.0,6,7,0.0,8.0,westeros.inc
74.0,1,1,101.0,0.0,westeros.inc
74.0,1,2,0.0,9.0,westeros.inc
74.0,1,3,0.0,10.0,westeros.inc
74.0,1,4,0.0,11.0,westeros.inc
74.0,1,5,0.0,5.0,westeros.inc
74.0,1,6,0.0,8.0,westeros.inc
74.0,1,7,0.0,6.0,westeros.inc
74.0,2,2,104.0,0.0,westeros.inc
74.0,2,3,0.0,8.0,westeros.inc
74.0,2,4,0.0,12.0,westeros.inc
74.0,2,5,0.0,7.0,westeros.inc
74.0,2,6,0.0,5.0,westeros.inc
74.0,2,7,0.0,6.0,westeros.inc
74.0,3,3,110.0,0.0,westeros.inc
74.0,3,4,0.0,8.0,westeros.inc
74.0,3,5,0.0,9.0,westeros.inc
74.0,3,6,0.0,8.0,westeros.inc
74.0,3,7,0.0,6.0,westeros.inc
74.0,4,4,108.0,0.0,westeros.inc
74.0,4,5,0.0,9.0,westeros.inc
74.0,4,6,0.0,8.0,westeros.inc
74.0,4,7,0.0,10.0,westeros.inc
74.0,5,5,103.0,0.0,westeros.inc
74.0,5,6,0.0,9.0,westeros.inc
74.0,5,7,0.0,7.0,westeros.inc
74.0,6,6,103.0,0.0,westeros.inc
74.0,6,7,0.0,9.0,westeros.inc
75.0,1,1,110.0,0.0,westeros.inc
75.0,1,2,0.0,11.0,westeros.inc
75.0,1,3,0.0,10.0,westeros.inc
75.0,1,4,0.0,9.0,westeros.inc
75.0,1,5,0.0,8.0,westeros.inc
75.0,1,6,0.0,3.0,westeros.inc
75.0,1,7,0.0,5.0,westeros.inc
75.0,2,2,106.0,0.0,westeros.inc
75.0,2,3,0.0,7.0,westeros.inc
75.0,2,4,0.0,9.0,westeros.inc
75.0,2,5,0.0,9.0,westeros.inc
75.0,2,6,0.0,8.0,westeros.inc
75.0,2,7,0.0,8.0,westeros.inc
75.0,3,3,109.0,0.0,westeros.inc
75.0,3,4,0.0,10.0,westeros.inc
75.0,3,5,0.0,9.0,westeros.inc
75.0,3,6,0.0,12.0,westeros.inc
75.0,3,7,0.0,3.0,westeros.inc
75.0,4,4,107.0,0.0,westeros.inc
75.0,4,5,0.0,10.0,westeros.inc
75.0,4,6,0.0,10.0,westeros.inc
75.0,4,7,0.0,5.0,westeros.inc
75.0,5,5,104.0,0.0,westeros.inc
75.0,5,6,0.0,9.0,westeros.inc
75.0,5,7,0.0,8.0,westeros.inc
75.0,6,6,103.0,0.0,westeros.inc
75.0,6,7,0.0,10.0,westeros.inc
76.0,1,1,107.0,0.0,westeros.inc
76.0,1,2,0.0,8.0,westeros.inc
76.0,1,3,0.0,7.0,westeros.inc
76.0,1,4,0.0,9.0,westeros.inc
76.0,1,5,0.0,6.0,westeros.inc
76.0,1,6,0.0,6.0,westeros.inc
76.0,1,7,0.0,5.0,westeros.inc
76.0,2,2,107.0,0.0,westeros.inc
76.0,2,3,0.0,9.0,westeros.inc
76.0,2,4,0.0,10.0,westeros.inc
76.0,2,5,0.0,7.0,westeros.inc
76.0,2,6,0.0,6.0,westeros.inc
76.0,2,7,0.0,4.0,westeros.inc
76.0,3,3,104.0,0.0,westeros.inc
76.0,3,4,0.0,10.0,westeros.inc
76.0,3,5,0.0,6.0,westeros.inc
76.0,3,6,0.0,8.0,westeros.inc
76.0,3,7,0.0,6.0,westeros.inc
76.0,4,4,105.0,0.0,westeros.inc
76.0,4,5,0.0,11.0,westeros.inc
76.0,4,6,0.0,7.0,westeros.inc
76.0,4,7,0.0,13.0,westeros.inc
76.0,5,5,109.0,0.0,westeros.inc
76.0,5,6,0.0,8.0,westeros.inc
76.0,5,7,0.0,5.0,westeros.inc
76.0,6,6,104.0,0.0,westeros.inc
76.0,6,7,0.0,7.0,westeros.inc
77.0,1,1,103.0,0.0,westeros.inc
77.0,1,2,0.0,8.0,westeros.inc
77.0,1,3,0.0,8.0,westeros.inc
77.0,1,4,0.0,11.0,westeros.inc
77.0,1,5,0.0,6.0,westeros.inc
77.0,1,6,0.0,8.0,westeros.inc
77.0,1,7,0.0,3.0,westeros.inc
77.0,2,2,106.0,0.0,westeros.inc
77.0,2,3,0.0,8.0,westeros.inc
77.0,2,4,0.0,11.0,westeros.inc
77.0,2,5,0.0,6.0,westeros.inc
77.0,2,6,0.0,5.0,westeros.inc
77.0,2,7,0.0,9.0,westeros.inc
77.0,3,3,104.0,0.0,westeros.inc
77.0,3,4,0.0,10.0,westeros.inc
77.0,3,5,0.0,11.0,westeros.inc
77.0,3,6,0.0,8.0,westeros.inc
77.0,3,7,0.0,9.0,westeros.inc
77.0,4,4,110.0,0.0,westeros.inc
77.0,4,5,0.0,7.0,westeros.inc
77.0,4,6,0.0,9.0,westeros.inc
77.0,4,7,0.0,8.0,westeros.inc
77.0,5,5,109.0,0.0,westeros.inc
77.0,5,6,0.0,8.0,westeros.inc
77.0,5,7,0.0,8.0,westeros.inc
77.0,6,6,103.0,0.0,westeros.inc
77.0,6,7,0.0,10.0,westeros.inc
78.0,1,1,110.0,0.0,westeros.inc
78.0,1,2,0.0,9.0,westeros.inc
78.0,1,3,0.0,5.0,westeros.inc
78.0,1,4,0.0,15.0,westeros.inc
78.0,1,5,0.0,9.0,westeros.inc
78.0,1,6,0.0,5.0,westeros.inc
78.0,1,7,0.0,6.0,westeros.inc
78.0,2,2,107.0,0.0,westeros.inc
78.0,2,3,0.0,9.0,westeros.inc
78.0,2,4,0.0,9.0,westeros.inc
78.0,2,5,0.0,8.0,westeros.inc
78.0,2,6,0.0,3.0,westeros.inc
78.0,2,7,0.0,7.0,westeros.inc
78.0,3,3,102.0,0.0,westeros.inc
78.0,3,4,0.0,10.0,westeros.inc
78.0,3,5,0.0,6.0,westeros.inc
78.0,3,6,0.0,9.0,westeros.inc
78.0,3,7,0.0,5.0,westeros.inc
78.0,4,4,103.0,0.0,westeros.inc
78.0,4,5,0.0,8.0,westeros.inc
78.0,4,6,0.0,6.0,westeros.inc
78.0,4,7,0.0,6.0,westeros.inc
78.0,5,5,105.0,0.0,westeros.inc
78.0,5,6,0.0,10.0,westeros.inc
78.0,5,7,0.0,8.0,westeros.inc
78.0,6,6,105.0,0.0,westeros.inc
78.0,6,7,0.0,10.0,westeros.inc
79.0,1,1,109.0,0.0,westeros.inc
79.0,1,2,0.0,7.0,westeros.inc
79.0,1,3,0.0,9.0,westeros.inc
79.0,1,4,0.0,6.0,westeros.inc
79.0,1,5,0.0,8.0,westeros.inc
79.0,1,6,0.0,6.0,westeros.inc
79.0,1,7,0.0,3.0,westeros.inc
79.0,2,2,102.0,0.0,westeros.inc
79.0,2,3,0.0,8.0,westeros.inc
79.0,2,4,0.0,7.0,westeros.inc
79.0,2,5,0.0,8.0,westeros.inc
79.0,2,6,0.0,3.0,westeros.inc
79.0,2,7,0.0,7.0,westeros.inc
79.0,3,3,105.0,0.0,westeros.inc
79.0,3,4,0.0,8.0,westeros.inc
79.0,3,5,0.0,11.0,westeros.inc
79.0,3,6,0.0,7.0,westeros.inc
79.0,3,7,0.0,7.0,westeros.inc
79.0,4,4,101.0,0.0,westeros.inc
79.0,4,5,0.0,7.0,westeros.inc
79.0,4,6,0.0,8.0,westeros.inc
79.0,4,7,0.0,5.0,westeros.inc
79.0,5,5,102.0,0.0,westeros.inc
79.0,5,6,0.0,9.0,westeros.inc
79.0,5,7,0.0,11.0,westeros.inc
79.0,6,6,107.0,0.0,westeros.inc
79.0,6,7,0.0,9.0,westeros.inc
80.0,1,1,106.0,0.0,westeros.inc
80.0,1,2,0.0,10.0,westeros.inc
80.0,1,3,0.0,6.0,westeros.inc
80.0,1,4,0.0,8.0,westeros.inc
80.0,1,5,0.0,4.0,westeros.inc
80.0,1,6,0.0,9.0,westeros.inc
80.0,1,7,0.0,11.0,westeros.inc
80.0,2,2,103.0,0.0,westeros.inc
80.0,2,3,0.0,8.0,westeros.inc
80.0,2,4,0.0,8.0,westeros.inc
80.0,2,5,0.0,7.0,westeros.inc
80.0,2,6,0.0,5.0,westeros.inc
80.0,2,7,0.0,6.0,westeros.inc
80.0,3,3,105.0,0.0,westeros.inc
80.0,3,4,0.0,10.0,westeros.inc
80.0,3,5,0.0,8.0,westeros.inc
80.0,3,6,0.0,6.0,westeros.inc
80.0,3,7,0.0,9.0,westeros.inc
80.0,4,4,108.0,0.0,westeros.inc
80.0,4,5,0.0,8.0,westeros.inc
80.0,4,6,0.0,5.0,westeros.inc
80.0,4,7,0.0,13.0,westeros.inc
80.0,5,5,104.0,0.0,westeros.inc
80.0,5,6,0.0,10.0,westeros.inc
80.0,5,7,0.0,6.0,westeros.inc
80.0,6,6,101.0,0.0,westeros.inc
80.0,6,7,0.0,9.0,westeros.inc
81.0,1,1,106.0,0.0,westeros.inc
81.0,1,2,0.0,11.0,westeros.inc
81.0,1,3,0.0,8.0,westeros.inc
81.0,1,4,0.0,6.0,westeros.inc
81.0,1,5,0.0,6.0,westeros.inc
81.0,1,6,0.0,4.0,westeros.inc
81.0,1,7,0.0,3.0,westeros.inc
81.0,2,2,103.0,0.0,westeros.inc
81.0,2,3,0.0,8.0,westeros.inc
81.0,2,4,0.0,7.0,westeros.inc
81.0,2,5,0.0,6.0,westeros.inc
81.0,2,6,0.0,4.0,westeros.inc
81.0,2,7,0.0,9.0,westeros.inc
81.0,3,3,103.0,0.0,westeros.inc
81.0,3,4,0.0,8.0,westeros.inc
81.0,3,5,0.0,10.0,westeros.inc
81.0,3,6,0.0,6.0,westeros.inc
81.0,3,7,0.0,7.0,westeros.inc
81.0,4,4,103.0,0.0,westeros.inc
81.0,4,5,0.0,9.0,westeros.inc
81.0,4,6,0.0,8.0,westeros.inc
81.0,4,7,0.0,9.0,westeros.inc
81.0,5,5,103.0,0.0,westeros.inc
81.0,5,6,0.0,10.0,westeros.inc
81.0,5,7,0.0,9.0,westeros.inc
81.0,6,6,101.0,0.0,westeros.inc
81.0,6,7,0.0,7.0,westeros.inc
82.0,1,1,102.0,0.0,westeros.inc
82.0,1,2,0.0,7.0,westeros.inc
82.0,1,3,0.0,8.0,westeros.inc
82.0,1,4,0.0,9.0,westeros.inc
82.0,1,5,0.0,10.0,westeros.inc
82.0,1,6,0.0,4.0,westeros.inc
82.0,1,7,0.0,7.0,westeros.inc
82.0,2,2,103.0,0.0,westeros.inc
82.0,2,3,0.0,10.0,westeros.inc
82.0,2,4,0.0,8.0,westeros.inc
82.0,2,5,0.0,6.0,westeros.inc
82.0,2,6,0.0,6.0,westeros.inc
82.0,2,7,0.0,10.0,westeros.inc
82.0,3,3,110.0,0.0,westeros.inc
82.0,3,4,0.0,9.0,westeros.inc
82.0,3,5,0.0,14.0,westeros.inc
82.0,3,6,0.0,9.0,westeros.inc
82.0,3,7,0.0,6.0,westeros.inc
82.0,4,4,103.0,0.0,westeros.inc
82.0,4,5,0.0,8.0,westeros.inc
82.0,4,6,0.0,8.0,westeros.inc
82.0,4,7,0.0,3.0,westeros.inc
82.0,5,5,102.0,0.0,westeros.inc
82.0,5,6,0.0,7.0,westeros.inc
82.0,5,7,0.0,6.0,westeros.inc
82.0,6,6,107.0,0.0,westeros.inc
82.0,6,7,0.0,9.0,westeros.inc
83.0,1,1,110.0,0.0,westeros.inc
83.0,1,2,0.0,9.0,westeros.inc
83.0,1,3,0.0,10.0,westeros.inc
83.0,1,4,0.0,3.0,westeros.inc
83.0,1,5,0.0,3.0,westeros.inc
83.0,1,6,0.0,5.0,westeros.inc
83.0,1,7,0.0,6.0,westeros.inc
83.0,2,2,104.0,0.0,westeros.inc
83.0,2,3,0.0,8.0,westeros.inc
83.0,2,4,0.0,10.0,westeros.inc
83.0,2,5,0.0,11.0,westeros.inc
83.0,2,6,0.0,10.0,westeros.inc
83.0,2,7,0.0,9.0,westeros.inc
83.0,3,3,104.0,0.0,westeros.inc
83.0,3,4,0.0,11.0,westeros.inc
83.0,3,5,0.0,9.0,westeros.inc
83.0,3,6,0.0,7.0,westeros.inc
83.0,3,7,0.0,2.0,westeros.inc
83.0,4,4,105.0,0.0,westeros.inc
83.0,4,5,0.0,8.0,westeros.inc
83.0,4,6,0.0,4.0,westeros.inc
83.0,4,7,0.0,4.0,westeros.inc
83.0,5,5,103.0,0.0,westeros.inc
83.0,5,6,0.0,9.0,westeros.inc
83.0,5,7,0.0,9.0,westeros.inc
83.0,6,6,101.0,0.0,westeros.inc
83.0,6,7,0.0,10.0,westeros.inc
84.0,1,1,102.0,0.0,westeros.inc
84.0,1,2,0.0,8.0,westeros.inc
84.0,1,3,0.0,8.0,westeros.inc
84.0,1,4,0.0,5.0,westeros.inc
84.0,1,5,0.0,5.0,westeros.inc
84.0,1,6,0.0,8.0,westeros.inc
84.0,1,7,0.0,6.0,westeros.inc
84.0,2,2,105.0,0.0,westeros.inc
84.0,2,3,0.0,9.0,westeros.inc
84.0,2,4,0.0,9.0,westeros.inc
84.0,2,5,0.0,6.0,westeros.inc
84.0,2,6,0.0,5.0,westeros.inc
84.0,2,7,0.0,7.0,westeros.inc
84.0,3,3,107.0,0.0,westeros.inc
84.0,3,4,0.0,9.0,westeros.inc
84.0,3,5,0.0,8.0,westeros.inc
84.0,3,6,0.0,12.0,westeros.inc
84.0,3,7,0.0,8.0,westeros.inc
84.0,4,4,108.0,0.0,westeros.inc
84.0,4,5,0.0,9.0,westeros.inc
84.0,4,6,0.0,6.0,westeros.inc
84.0,4,7,0.0,7.0,westeros.inc
84.0,5,5,110.0,0.0,westeros.inc
84.0,5,6,0.0,7.0,westeros.inc
84.0,5,7,0.0,4.0,westeros.inc
84.0,6,6,104.0,0.0,westeros.inc
84.0,6,7,0.0,11.0,westeros.inc
85.0,1,1,109.0,0.0,westeros.inc
85.0,1,2,0.0,11.0,westeros.inc
85.0,1,3,0.0,12.0,westeros.inc
85.0,1,4,0.0,7.0,westeros.inc
85.0,1,5,0.0,4.0,westeros.inc
85.0,1,6,0.0,11.0,westeros.inc
85.0,1,7,0.0,4.0,westeros.inc
85.0,2,2,106.0,0.0,westeros.inc
85.0,2,3,0.0,9.0,westeros.inc
85.0,2,4,0.0,7.0,westeros.inc
85.0,2,5,0.0,7.0,westeros.inc
85.0,2,6,0.0,12.0,westeros.inc
85.0,2,7,0.0,2.0,westeros.inc
85.0,3,3,107.0,0.0,westeros.inc
85.0,3,4,0.0,11.0,westeros.inc
85.0,3,5,0.0,10.0,westeros.inc
85.0,3,6,0.0,10.0,westeros.inc
85.0,3,7,0.0,4.0,westeros.inc
85.0,4,4,102.0,0.0,westeros.inc
85.0,4,5,0.0,7.0,westeros.inc
85.0,4,6,0.0,9.0,westeros.inc
85.0,4,7,0.0,10.0,westeros.inc
85.0,5,5,110.0,0.0,westeros.inc
85.0,5,6,0.0,8.0,westeros.inc
85.0,5,7,0.0,9.0,westeros.inc
85.0,6,6,102.0,0.0,westeros.inc
85.0,6,7,0.0,8.0,westeros.inc
86.0,1,1,107.0,0.0,westeros.inc
86.0,1,2,0.0,11.0,westeros.inc
86.0,1,3,0.0,8.0,westeros.inc
86.0,1,4,0.0,7.0,westeros.inc
86.0,1,5,0.0,7.0,westeros.inc
86.0,1,6,0.0,11.0,westeros.inc
86.0,1,7,0.0,3.0,westeros.inc
86.0,2,2,107.0,0.0,westeros.inc
86.0,2,3,0.0,9.0,westeros.inc
86.0,2,4,0.0,6.0,westeros.inc
86.0,2,5,0.0,10.0,westeros.inc
86.0,2,6,0.0,4.0,westeros.inc
86.0,2,7,0.0,11.0,westeros.inc
86.0,3,3,109.0,0.0,westeros.inc
86.0,3,4,0.0,10.0,westeros.inc
86.0,3,5,0.0,9.0,westeros.inc
86.0,3,6,0.0,9.0,westeros.inc
86.0,3,7,0.0,8.0,westeros.inc
86.0,4,4,104.0,0.0,westeros.inc
86.0,4,5,0.0,9.0,westeros.inc
86.0,4,6,0.0,11.0,westeros.inc
86.0,4,7,0.0,7.0,westeros.inc
86.0,5,5,107.0,0.0,westeros.inc
86.0,5,6,0.0,10.0,westeros.inc
86.0,5,7,0.0,10.0,westeros.inc
86.0,6,6,103.0,0.0,westeros.inc
86.0,6,7,0.0,8.0,westeros.inc
87.0,1,1,103.0,0.0,westeros.inc
87.0,1,2,0.0,9.0,westeros.inc
87.0,1,3,0.0,6.0,westeros.inc
87.0,1,4,0.0,12.0,westeros.inc
87.0,1,5,0.0,5.0,westeros.inc
87.0,1,6,0.0,6.0,westeros.inc
87.0,1,7,0.0,11.0,westeros.inc
87.0,2,2,107.0,0.0,westeros.inc
87.0,2,3,0.0,8.0,westeros.inc
87.0,2,4,0.0,5.0,westeros.inc
87.0,2,5,0.0,6.0,westeros.inc
87.0,2,6,0.0,9.0,westeros.inc
87.0,2,7,0.0,10.0,westeros.inc
87.0,3,3,107.0,0.0,westeros.inc
87.0,3,4,0.0,9.0,westeros.inc
87.0,3,5,0.0,8.0,westeros.inc
87.0,3,6,0.0,8.0,westeros.inc
87.0,3,7,0.0,7.0,westeros.inc
87.0,4,4,106.0,0.0,westeros.inc
87.0,4,5,0.0,8.0,westeros.inc
87.0,4,6,0.0,9.0,westeros.inc
87.0,4,7,0.0,4.0,westeros.inc
87.0,5,5,105.0,0.0,westeros.inc
87.0,5,6,0.0,8.0,westeros.inc
87.0,5,7,0.0,7.0,westeros.inc
87.0,6,6,109.0,0.0,westeros.inc
87.0,6,7,0.0,10.0,westeros.inc
88.0,1,1,102.0,0.0,westeros.inc
88.0,1,2,0.0,10.0,westeros.inc
88.0,1,3,0.0,9.0,westeros.inc
88.0,1,4,0.0,8.0,westeros.inc
88.0,1,5,0.0,8.0,westeros.inc
88.0,1,6,0.0,9.0,westeros.inc
88.0,1,7,0.0,6.0,westeros.inc
88.0,2,2,110.0,0.0,westeros.inc
88.0,2,3,0.0,11.0,westeros.inc
88.0,2,4,0.0,8.0,westeros.inc
88.0,2,5,0.0,12.0,westeros.inc
88.0,2,6,0.0,3.0,westeros.inc
88.0,2,7,0.0,6.0,westeros.inc
88.0,3,3,110.0,0.0,westeros.inc
88.0,3,4,0.0,11.0,westeros.inc
88.0,3,5,0.0,7.0,westeros.inc
88.0,3,6,0.0,7.0,westeros.inc
88.0,3,7,0.0,10.0,westeros.inc
88.0,4,4,102.0,0.0,westeros.inc
88.0,4,5,0.0,11.0,westeros.inc
88.0,4,6,0.0,10.0,westeros.inc
88.0,4,7,0.0,9.0,westeros.inc
88.0,5,5,103.0,0.0,westeros.inc
88.0,5,6,0.0,8.0,westeros.inc
88.0,5,7,0.0,9.0,westeros.inc
88.0,6,6,103.0,0.0,westeros.inc
88.0,6,7,0.0,9.0,westeros.inc
89.0,1,1,106.0,0.0,westeros.inc
89.0,1,2,0.0,11.0,westeros.inc
89.0,1,3,0.0,6.0,westeros.inc
89.0,1,4,0.0,4.0,westeros.inc
89.0,1,5,0.0,8.0,westeros.inc
89.0,1,6,0.0,4.0,westeros.inc
89.0,1,7,0.0,6.0,westeros.inc
89.0,2,2,105.0,0.0,westeros.inc
89.0,2,3,0.0,9.0,westeros.inc
89.0,2,4,0.0,6.0,westeros.inc
89.0,2,5,0.0,5.0,westeros.inc
89.0,2,6,0.0,10.0,westeros.inc
89.0,2,7,0.0,9.0,westeros.inc
89.0,3,3,103.0,0.0,westeros.inc
89.0,3,4,0.0,10.0,westeros.inc
89.0,3,5,0.0,10.0,westeros.inc
89.0,3,6,0.0,10.0,westeros.inc
89.0,3,7,0.0,9.0,westeros.inc
89.0,4,4,106.0,0.0,westeros.inc
89.0,4,5,0.0,11.0,westeros.inc
89.0,4,6,0.0,11.0,westeros.inc
89.0,4,7,0.0,5.0,westeros.inc
89.0,5,5,106.0,0.0,westeros.inc
89.0,5,6,0.0,7.0,westeros.inc
89.0,5,7,0.0,8.0,westeros.inc
89.0,6,6,104.0,0.0,westeros.inc
89.0,6,7,0.0,9.0,westeros.inc
90.0,1,1,109.0,0.0,westeros.inc
90.0,1,2,0.0,8.0,westeros.inc
90.0,1,3,0.0,12.0,westeros.inc
90.0,1,4,0.0,5.0,westeros.inc
90.0,1,5,0.0,10.0,westeros.inc
90.0,1,6,0.0,7.0,westeros.inc
90.0,1,7,0.0,9.0,westeros.inc
90.0,2,2,102.0,0.0,westeros.inc
90.0,2,3,0.0,11.0,westeros.inc
90.0,2,4,0.0,11.0,westeros.inc
90.0,2,5,0.0,8.0,westeros.inc
90.0,2,6,0.0,9.0,westeros.inc
90.0,2,7,0.0,2.0,westeros.inc
90.0,3,3,109.0,0.0,westeros.inc
90.0,3,4,0.0,9.0,westeros.inc
90.0,3,5,0.0,8.0,westeros.inc
90.0,3,6,0.0,9.0,westeros.inc
90.0,3,7,0.0,7.0,westeros.inc
90.0,4,4,104.0,0.0,westeros.inc
90.0,4,5,0.0,10.0,westeros.inc
90.0,4,6,0.0,10.0,westeros.inc
90.0,4,7,0.0,5.0,westeros.inc
90.0,5,5,103.0,0.0,westeros.inc
90.0,5,6,0.0,8.0,westeros.inc
90.0,5,7,0.0,8.0,westeros.inc
90.0,6,6,104.0,0.0,westeros.inc
90.0,6,7,0.0,10.0,westeros.inc
91.0,1,1,105.0,0.0,westeros.inc
91.0,1,2,0.0,8.0,westeros.inc
91.0,1,3,0.0,7.0,westeros.inc
91.0,1,4,0.0,7.0,westeros.inc
91.0,1,5,0.0,4.0,westeros.inc
91.0,1,6,0.0,6.0,westeros.inc
91.0,1,7,0.0,7.0,westeros.inc
91.0,2,2,108.0,0.0,westeros.inc
91.0,2,3,0.0,9.0,westeros.inc
91.0,2,4,0.0,7.0,westeros.inc
91.0,2,5,0.0,4.0,westeros.inc
91.0,2,6,0.0,6.0,westeros.inc
91.0,2,7,0.0,9.0,westeros.inc
91.0,3,3,109.0,0.0,westeros.inc
91.0,3,4,0.0,10.0,westeros.inc
91.0,3,5,0.0,6.0,westeros.inc
91.0,3,6,0.0,8.0,westeros.inc
91.0,3,7,0.0,4.0,westeros.inc
91.0,4,4,101.0,0.0,westeros.inc
91.0,4,5,0.0,8.0,westeros.inc
91.0,4,6,0.0,8.0,westeros.inc
91.0,4,7,0.0,7.0,westeros.inc
91.0,5,5,102.0,0.0,westeros.inc
91.0,5,6,0.0,10.0,westeros.inc
91.0,5,7,0.0,8.0,westeros.inc
91.0,6,6,104.0,0.0,westeros.inc
91.0,6,7,0.0,7.0,westeros.inc
92.0,1,1,108.0,0.0,westeros.inc
92.0,1,2,0.0,7.0,westeros.inc
92.0,1,3,0.0,9.0,westeros.inc
92.0,1,4,0.0,5.0,westeros.inc
92.0,1,5,0.0,12.0,westeros.inc
92.0,1,6,0.0,6.0,westeros.inc
92.0,1,7,0.0,6.0,westeros.inc
92.0,2,2,102.0,0.0,westeros.inc
92.0,2,3,0.0,8.0,westeros.inc
92.0,2,4,0.0,8.0,westeros.inc
92.0,2,5,0.0,7.0,westeros.inc
92.0,2,6,0.0,10.0,westeros.inc
92.0,2,7,0.0,6.0,westeros.inc
92.0,3,3,103.0,0.0,westeros.inc
92.0,3,4,0.0,10.0,westeros.inc
92.0,3,5,0.0,7.0,westeros.inc
92.0,3,6,0.0,12.0,westeros.inc
92.0,3,7,0.0,10.0,westeros.inc
92.0,4,4,108.0,0.0,westeros.inc
92.0,4,5,0.0,8.0,westeros.inc
92.0,4,6,0.0,7.0,westeros.inc
92.0,4,7,0.0,9.0,westeros.inc
92.0,5,5,105.0,0.0,westeros.inc
92.0,5,6,0.0,8.0,westeros.inc
92.0,5,7,0.0,6.0,westeros.inc
92.0,6,6,103.0,0.0,westeros.inc
92.0,6,7,0.0,8.0,westeros.inc
93.0,1,1,109.0,0.0,westeros.inc
93.0,1,2,0.0,10.0,westeros.inc
93.0,1,3,0.0,9.0,westeros.inc
93.0,1,4,0.0,9.0,westeros.inc
93.0,1,5,0.0,5.0,westeros.inc
93.0,1,6,0.0,6.0,westeros.inc
93.0,1,7,0.0,8.0,westeros.inc
93.0,2,2,109.0,0.0,westeros.inc
93.0,2,3,0.0,11.0,westeros.inc
93.0,2,4,0.0,10.0,westeros.inc
93.0,2,5,0.0,8.0,westeros.inc
93.0,2,6,0.0,2.0,westeros.inc
93.0,2,7,0.0,9.0,westeros.inc
93.0,3,3,104.0,0.0,westeros.inc
93.0,3,4,0.0,10.0,westeros.inc
93.0,3,5,0.0,5.0,westeros.inc
93.0,3,6,0.0,7.0,westeros.inc
93.0,3,7,0.0,2.0,westeros.inc
93.0,4,4,109.0,0.0,westeros.inc
93.0,4,5,0.0,10.0,westeros.inc
93.0,4,6,0.0,6.0,westeros.inc
93.0,4,7,0.0,9.0,westeros.inc
93.0,5,5,106.0,0.0,westeros.inc
93.0,5,6,0.0,7.0,westeros.inc
93.0,5,7,0.0,5.0,westeros.inc
93.0,6,6,105.0,0.0,westeros.inc
93.0,6,7,0.0,11.0,westeros.inc
94.0,1,1,105.0,0.0,westeros.inc
94.0,1,2,0.0,9.0,westeros.inc
94.0,1,3,0.0,9.0,westeros.inc
94.0,1,4,0.0,7.0,westeros.inc
94.0,1,5,0.0,3.0,westeros.inc
94.0,1,6,0.0,0.0,westeros.inc
94.0,1,7,0.0,5.0,westeros.inc
94.0,2,2,103.0,0.0,westeros.inc
94.0,2,3,0.0,9.0,westeros.inc
94.0,2,4,0.0,12.0,westeros.inc
94.0,2,5,0.0,13.0,westeros.inc
94.0,2,6,0.0,8.0,westeros.inc
94.0,2,7,0.0,7.0,westeros.inc
94.0,3,3,105.0,0.0,westeros.inc
94.0,3,4,0.0,9.0,westeros.inc
94.0,3,5,0.0,10.0,westeros.inc
94.0,3,6,0.0,9.0,westeros.inc
94.0,3,7,0.0,5.0,westeros.inc
94.0,4,4,106.0,0.0,westeros.inc
94.0,4,5,0.0,9.0,westeros.inc
94.0,4,6,0.0,8.0,westeros.inc
94.0,4,7,0.0,4.0,westeros.inc
94.0,5,5,106.0,0.0,westeros.inc
94.0,5,6,0.0,8.0,westeros.inc
94.0,5,7,0.0,8.0,westeros.inc
94.0,6,6,104.0,0.0,westeros.inc
94.0,6,7,0.0,8.0,westeros.inc
95.0,1,1,104.0,0.0,westeros.inc
95.0,1,2,0.0,10.0,westeros.inc
95.0,1,3,0.0,8.0,westeros.inc
95.0,1,4,0.0,7.0,westeros.inc
95.0,1,5,0.0,6.0,westeros.inc
95.0,1,6,0.0,10.0,westeros.inc
95.0,1,7,0.0,4.0,westeros.inc
95.0,2,2,103.0,0.0,westeros.inc
95.0,2,3,0.0,9.0,westeros.inc
95.0,2,4,0.0,12.0,westeros.inc
95.0,2,5,0.0,7.0,westeros.inc
95.0,2,6,0.0,4.0,westeros.inc
95.0,2,7,0.0,6.0,westeros.inc
95.0,3,3,109.0,0.0,westeros.inc
95.0,3,4,0.0,9.0,westeros.inc
95.0,3,5,0.0,7.0,westeros.inc
95.0,3,6,0.0,6.0,westeros.inc
95.0,3,7,0.0,11.0,westeros.inc
95.0,4,4,109.0,0.0,westeros.inc
95.0,4,5,0.0,11.0,westeros.inc
95.0,4,6,0.0,10.0,westeros.inc
95.0,4,7,0.0,6.0,westeros.inc
95.0,5,5,104.0,0.0,westeros.inc
95.0,5,6,0.0,7.0,westeros.inc
95.0,5,7,0.0,5.0,westeros.inc
95.0,6,6,110.0,0.0,westeros.inc
95.0,6,7,0.0,9.0,westeros.inc
96.0,1,1,108.0,0.0,westeros.inc
96.0,1,2,0.0,7.0,westeros.inc
96.0,1,3,0.0,7.0,westeros.inc
96.0,1,4,0.0,8.0,westeros.inc
96.0,1,5,0.0,8.0,westeros.inc
96.0,1,6,0.0,1.0,westeros.inc
96.0,1,7,0.0,8.0,westeros.inc
96.0,2,2,102.0,0.0,westeros.inc
96.0,2,3,0.0,8.0,westeros.inc
96.0,2,4,0.0,8.0,westeros.inc
96.0,2,5,0.0,8.0,westeros.inc
96.0,2,6,0.0,6.0,westeros.inc
96.0,2,7,0.0,9.0,westeros.inc
96.0,3,3,103.0,0.0,westeros.inc
96.0,3,4,0.0,10.0,westeros.inc
96.0,3,5,0.0,9.0,westeros.inc
96.0,3,6,0.0,4.0,westeros.inc
96.0,3,7,0.0,9.0,westeros.inc
96.0,4,4,110.0,0.0,westeros.inc
96.0,4,5,0.0,9.0,westeros.inc
96.0,4,6,0.0,8.0,westeros.inc
96.0,4,7,0.0,6.0,westeros.inc
96.0,5,5,105.0,0.0,westeros.inc
96.0,5,6,0.0,10.0,westeros.inc
96.0,5,7,0.0,10.0,westeros.inc
96.0,6,6,109.0,0.0,westeros.inc
96.0,6,7,0.0,8.0,westeros.inc
97.0,1,1,107.0,0.0,westeros.inc
97.0,1,2,0.0,8.0,westeros.inc
97.0,1,3,0.0,11.0,westeros.inc
97.0,1,4,0.0,7.0,westeros.inc
97.0,1,5,0.0,6.0,westeros.inc
97.0,1,6,0.0,9.0,westeros.inc
97.0,1,7,0.0,3.0,westeros.inc
97.0,2,2,104.0,0.0,westeros.inc
97.0,2,3,0.0,8.0,westeros.inc
97.0,2,4,0.0,9.0,westeros.inc
97.0,2,5,0.0,6.0,westeros.inc
97.0,2,6,0.0,7.0,westeros.inc
97.0,2,7,0.0,8.0,westeros.inc
97.0,3,3,103.0,0.0,westeros.inc
97.0,3,4,0.0,8.0,westeros.inc
97.0,3,5,0.0,8.0,westeros.inc
97.0,3,6,0.0,9.0,westeros.inc
97.0,3,7,0.0,2.0,westeros.inc
97.0,4,4,104.0,0.0,westeros.inc
97.0,4,5,0.0,9.0,westeros.inc
97.0,4,6,0.0,8.0,westeros.inc
97.0,4,7,0.0,7.0,westeros.inc
97.0,5,5,103.0,0.0,westeros.inc
97.0,5,6,0.0,8.0,westeros.inc
97.0,5,7,0.0,8.0,westeros.inc
97.0,6,6,105.0,0.0,westeros.inc
97.0,6,7,0.0,9.0,westeros.inc
98.0,1,1,107.0,0.0,westeros.inc
98.0,1,2,0.0,11.0,westeros.inc
98.0,1,3,0.0,6.0,westeros.inc
98.0,1,4,0.0,7.0,westeros.inc
98.0,1,5,0.0,8.0,westeros.inc
98.0,1,6,0.0,13.0,westeros.inc
98.0,1,7,0.0,7.0,westeros.inc
98.0,2,2,106.0,0.0,westeros.inc
98.0,2,3,0.0,9.0,westeros.inc
98.0,2,4,0.0,6.0,westeros.inc
98.0,2,5,0.0,8.0,westeros.inc
98.0,2,6,0.0,8.0,westeros.inc
98.0,2,7,0.0,7.0,westeros.inc
98.0,3,3,107.0,0.0,westeros.inc
98.0,3,4,0.0,7.0,westeros.inc
98.0,3,5,0.0,9.0,westeros.inc
98.0,3,6,0.0,10.0,westeros.inc
98.0,3,7,0.0,8.0,westeros.inc
98.0,4,4,110.0,0.0,westeros.inc
98.0,4,5,0.0,11.0,westeros.inc
98.0,4,6,0.0,7.0,westeros.inc
98.0,4,7,0.0,9.0,westeros.inc
98.0,5,5,109.0,0.0,westeros.inc
98.0,5,6,0.0,11.0,westeros.inc
98.0,5,7,0.0,9.0,westeros.inc
98.0,6,6,104.0,0.0,westeros.inc
98.0,6,7,0.0,8.0,westeros.inc
99.0,1,1,103.0,0.0,westeros.inc
99.0,1,2,0.0,10.0,westeros.inc
99.0,1,3,0.0,7.0,westeros.inc
99.0,1,4,0.0,4.0,westeros.inc
99.0,1,5,0.0,5.0,westeros.inc
99.0,1,6,0.0,5.0,westeros.inc
99.0,1,7,0.0,5.0,westeros.inc
99.0,2,2,106.0,0.0,westeros.inc
99.0,2,3,0.0,10.0,westeros.inc
99.0,2,4,0.0,10.0,westeros.inc
99.0,2,5,0.0,5.0,westeros.inc
99.0,2,6,0.0,6.0,westeros.inc
99.0,2,7,0.0,7.0,westeros.inc
99.0,3,3,108.0,0.0,westeros.inc
99.0,3,4,0.0,8.0,westeros.inc
99.0,3,5,0.0,6.0,westeros.inc
99.0,3,6,0.0,4.0,westeros.inc
99.0,3,7,0.0,13.0,westeros.inc
99.0,4,4,104.0,0.0,westeros.inc
99.0,4,5,0.0,8.0,westeros.inc
99.0,4,6,0.0,6.0,westeros.inc
99.0,4,7,0.0,4.0,westeros.inc
99.0,5,5,110.0,0.0,westeros.inc
99.0,5,6,0.0,10.0,westeros.inc
99.0,5,7,0.0,10.0,westeros.inc
99.0,6,6,104.0,0.0,westeros.inc
99.0,6,7,0.0,10.0,westeros.inc
100.0,1,1,109.0,0.0,westeros.inc
100.0,1,2,0.0,9.0,westeros.inc
100.0,1,3,0.0,9.0,westeros.inc
100.0,1,4,0.0,10.0,westeros.inc
100.0,1,5,0.0,7.0,westeros.inc
100.0,1,6,0.0,14.0,westeros.inc
100.0,1,7,0.0,7.0,westeros.inc
100.0,2,2,101.0,0.0,westeros.inc
100.0,2,3,0.0,8.0,westeros.inc
100.0,2,4,0.0,5.0,westeros.inc
100.0,2,5,0.0,7.0,westeros.inc
100.0,2,6,0.0,5.0,westeros.inc
100.0,2,7,0.0,4.0,westeros.inc
100.0,3,3,107.0,0.0,westeros.inc
100.0,3,4,0.0,10.0,westeros.inc
100.0,3,5,0.0,7.0,westeros.inc
100.0,3,6,0.0,14.0,westeros.inc
100.0,3,7,0.0,11.0,westeros.inc
100.0,4,4,108.0,0.0,westeros.inc
100.0,4,5,0.0,11.0,westeros.inc
100.0,4,6,0.0,9.0,westeros.inc
100.0,4,7,0.0,5.0,westeros.inc
100.0,5,5,109.0,0.0,westeros.inc
100.0,5,6,0.0,11.0,westeros.inc
100.0,5,7,0.0,6.0,westeros.inc
100.0,6,6,110.0,0.0,westeros.inc
100.0,6,7,0.0,11.0,westeros.inc
